{
    "version": "0.4",
    "title": "Contact Us",
    "type": "section",
    "metadata": {
        "template_type": "section",
        "elementor_pro_required": false,
        "wp_page_template": "default"
    },
    "content": [
        {
            "id": "1cfe2d27",
            "settings": {
                "background_color": "#f9f9f9",
                "padding": {
                    "unit": "px",
                    "top": "60",
                    "right": "0",
                    "bottom": "70",
                    "left": "0",
                    "isLinked": false
                },
                "background_image": {
                    "url": "https:\/\/wp.envatoextensions.com\/kit-195\/wp-content\/uploads\/sites\/191\/2019\/10\/chris-brignola-X2CxUXFqKcM-unsplash.jpg",
                    "id": 14
                },
                "background_position": "bottom center",
                "background_repeat": "no-repeat",
                "background_size": "cover",
                "background_overlay_background": "classic",
                "background_overlay_color": "#313d4f",
                "background_overlay_opacity": {
                    "unit": "px",
                    "size": 0.93000000000000005
                },
                "background_background": "classic",
                "background_overlay_position": "center center",
                "background_overlay_repeat": "repeat",
                "padding_mobile": {
                    "unit": "px",
                    "top": "60",
                    "right": "0",
                    "bottom": "60",
                    "left": "0",
                    "isLinked": false
                }
            },
            "elements": [
                {
                    "id": "475c89e1",
                    "settings": {
                        "_column_size": 100,
                        "_inline_size": null,
                        "background_image": {
                            "id": "",
                            "url": "https:\/\/wp.envatoextensions.com\/kit-134\/wp-content\/plugins\/elementor\/assets\/images\/placeholder.png"
                        },
                        "background_position": "center center",
                        "background_repeat": "no-repeat",
                        "background_size": "cover",
                        "background_overlay_background": "classic",
                        "background_overlay_color": "#222222",
                        "background_overlay_opacity": {
                            "unit": "px",
                            "size": 0.84999999999999998
                        },
                        "padding": {
                            "unit": "px",
                            "top": "0",
                            "right": "0",
                            "bottom": "0",
                            "left": "0",
                            "isLinked": false
                        }
                    },
                    "elements": [
                        {
                            "id": "6ec0e7e3",
                            "settings": {
                                "content_width": {
                                    "unit": "px",
                                    "size": 534
                                }
                            },
                            "elements": [
                                {
                                    "id": "32839877",
                                    "settings": {
                                        "_column_size": 100,
                                        "_inline_size": null,
                                        "space_between_widgets": 22,
                                        "padding_mobile": {
                                            "unit": "em",
                                            "top": "1",
                                            "right": "1",
                                            "bottom": "1",
                                            "left": "1",
                                            "isLinked": true
                                        },
                                        "align": "center"
                                    },
                                    "elements": [
                                        {
                                            "id": "2a5a733b",
                                            "settings": {
                                                "space": {
                                                    "unit": "px",
                                                    "size": 62,
                                                    "sizes": []
                                                },
                                                "_margin": {
                                                    "unit": "px",
                                                    "top": "0",
                                                    "right": "0",
                                                    "bottom": "30",
                                                    "left": "4",
                                                    "isLinked": false
                                                },
                                                "_border_border": "solid",
                                                "_border_width": {
                                                    "unit": "px",
                                                    "top": "0",
                                                    "right": "0",
                                                    "bottom": "0",
                                                    "left": "2",
                                                    "isLinked": false
                                                },
                                                "_border_color": "#c0c9d1",
                                                "_element_width": "initial",
                                                "_element_custom_width": {
                                                    "unit": "px",
                                                    "size": 11,
                                                    "sizes": []
                                                }
                                            },
                                            "elements": [],
                                            "isInner": false,
                                            "widgetType": "spacer",
                                            "elType": "widget"
                                        },
                                        {
                                            "id": "94555b4",
                                            "settings": {
                                                "title": "Contact Us",
                                                "title_color": "rgba(255,255,255,0.82)",
                                                "typography_typography": "custom",
                                                "typography_font_family": "Karla",
                                                "typography_font_size": {
                                                    "unit": "px",
                                                    "size": 16
                                                },
                                                "typography_font_weight": "700",
                                                "typography_text_transform": "uppercase",
                                                "typography_letter_spacing": {
                                                    "unit": "px",
                                                    "size": 1.6000000000000001
                                                },
                                                "_margin": {
                                                    "unit": "px",
                                                    "top": "0",
                                                    "right": "0",
                                                    "bottom": "0",
                                                    "left": "0",
                                                    "isLinked": false
                                                },
                                                "_padding": {
                                                    "unit": "px",
                                                    "top": "0",
                                                    "right": "0",
                                                    "bottom": "0",
                                                    "left": "0",
                                                    "isLinked": false
                                                },
                                                "align": "center",
                                                "header_size": "h5",
                                                "typography_line_height": {
                                                    "unit": "px",
                                                    "size": 26
                                                }
                                            },
                                            "elements": [],
                                            "isInner": false,
                                            "widgetType": "heading",
                                            "elType": "widget"
                                        },
                                        {
                                            "id": "14ee1135",
                                            "settings": {
                                                "title": "Get In Touch",
                                                "title_color": "#ffffff",
                                                "typography_typography": "custom",
                                                "typography_font_family": "Vidaloka",
                                                "typography_font_size": {
                                                    "unit": "px",
                                                    "size": 78
                                                },
                                                "typography_font_weight": "300",
                                                "typography_letter_spacing": {
                                                    "unit": "px",
                                                    "size": -0.5
                                                },
                                                "_padding": {
                                                    "unit": "px",
                                                    "top": "0",
                                                    "right": "0",
                                                    "bottom": "0",
                                                    "left": "0",
                                                    "isLinked": false
                                                },
                                                "typography_line_height": {
                                                    "unit": "em",
                                                    "size": ""
                                                },
                                                "_background_image": {
                                                    "id": "",
                                                    "url": "https:\/\/wp.envatoextensions.com\/kit-134\/wp-content\/plugins\/elementor\/assets\/images\/placeholder.png"
                                                },
                                                "_margin": {
                                                    "unit": "px",
                                                    "top": "0",
                                                    "right": "0",
                                                    "bottom": "0",
                                                    "left": "0",
                                                    "isLinked": false
                                                },
                                                "align": "center",
                                                "typography_font_size_tablet": {
                                                    "unit": "px",
                                                    "size": 52
                                                },
                                                "typography_font_size_mobile": {
                                                    "unit": "px",
                                                    "size": 40
                                                },
                                                "typography_line_height_mobile": {
                                                    "unit": "px",
                                                    "size": 50
                                                },
                                                "align_mobile": "center"
                                            },
                                            "elements": [],
                                            "isInner": false,
                                            "widgetType": "heading",
                                            "elType": "widget"
                                        },
                                        {
                                            "id": "669c2062",
                                            "settings": {
                                                "editor": "<p>We are here to help you 7 days a week and respond within 24 hours. Plus, you can find most answers to your questions right on FAQ page.<\/p>",
                                                "text_color": "rgba(255,255,255,0.82)",
                                                "typography_typography": "custom",
                                                "typography_font_family": "Hind",
                                                "typography_font_size": {
                                                    "unit": "px",
                                                    "size": 15
                                                },
                                                "typography_font_weight": "400",
                                                "typography_line_height": {
                                                    "unit": "em",
                                                    "size": 1.7
                                                },
                                                "align": "center"
                                            },
                                            "elements": [],
                                            "isInner": false,
                                            "widgetType": "text-editor",
                                            "elType": "widget"
                                        }
                                    ],
                                    "isInner": true,
                                    "elType": "column"
                                }
                            ],
                            "isInner": true,
                            "elType": "section"
                        },
                        {
                            "id": "68b1d979",
                            "settings": {
                                "space": {
                                    "unit": "px",
                                    "size": 30
                                }
                            },
                            "elements": [],
                            "isInner": false,
                            "widgetType": "spacer",
                            "elType": "widget"
                        },
                        {
                            "id": "d802659",
                            "settings": {
                                "gap": "wider",
                                "content_position": "top",
                                "structure": "30"
                            },
                            "elements": [
                                {
                                    "id": "7b49c4b0",
                                    "settings": {
                                        "_column_size": 33,
                                        "_inline_size": null,
                                        "_inline_size_tablet": 33,
                                        "content_position": "top",
                                        "padding_tablet": {
                                            "unit": "em",
                                            "top": "2",
                                            "right": "2",
                                            "bottom": "2",
                                            "left": "2",
                                            "isLinked": true
                                        }
                                    },
                                    "elements": [
                                        {
                                            "id": "69cb83f0",
                                            "settings": {
                                                "title": "Press & Media",
                                                "title_color": "#ffffff",
                                                "typography_typography": "custom",
                                                "typography_font_family": "Vidaloka",
                                                "typography_font_size": {
                                                    "unit": "px",
                                                    "size": 30
                                                },
                                                "typography_font_weight": "400",
                                                "typography_letter_spacing": {
                                                    "unit": "px",
                                                    "size": 0
                                                },
                                                "_padding": {
                                                    "unit": "px",
                                                    "top": "10",
                                                    "right": "0",
                                                    "bottom": "0",
                                                    "left": "0",
                                                    "isLinked": false
                                                },
                                                "typography_line_height": {
                                                    "unit": "px",
                                                    "size": 40
                                                },
                                                "_background_image": {
                                                    "id": "",
                                                    "url": "https:\/\/wp.envatoextensions.com\/kit-134\/wp-content\/plugins\/elementor\/assets\/images\/placeholder.png"
                                                },
                                                "_margin": {
                                                    "unit": "px",
                                                    "top": "0",
                                                    "right": "0",
                                                    "bottom": "0",
                                                    "left": "0",
                                                    "isLinked": false
                                                },
                                                "typography_font_size_tablet": {
                                                    "unit": "px",
                                                    "size": 24
                                                },
                                                "header_size": "h3",
                                                "align_mobile": "center",
                                                "typography_line_height_tablet": {
                                                    "unit": "px",
                                                    "size": 30
                                                }
                                            },
                                            "elements": [],
                                            "isInner": false,
                                            "widgetType": "heading",
                                            "elType": "widget"
                                        },
                                        {
                                            "id": "b4c2260",
                                            "settings": {
                                                "editor": "<p>Please contact our PR team at:<br \/>press@ourdomain.com<\/p>",
                                                "text_color": "rgba(255,255,255,0.82)",
                                                "typography_typography": "custom",
                                                "typography_font_family": "Hind",
                                                "typography_font_size": {
                                                    "unit": "px",
                                                    "size": 15
                                                },
                                                "typography_font_weight": "400",
                                                "typography_line_height": {
                                                    "unit": "px",
                                                    "size": 26
                                                },
                                                "align_mobile": "center"
                                            },
                                            "elements": [],
                                            "isInner": false,
                                            "widgetType": "text-editor",
                                            "elType": "widget"
                                        }
                                    ],
                                    "isInner": true,
                                    "elType": "column"
                                },
                                {
                                    "id": "8cab45f",
                                    "settings": {
                                        "_column_size": 33,
                                        "_inline_size": null,
                                        "_inline_size_tablet": 33,
                                        "padding_tablet": {
                                            "unit": "em",
                                            "top": "2",
                                            "right": "2",
                                            "bottom": "2",
                                            "left": "2",
                                            "isLinked": true
                                        },
                                        "content_position": "top"
                                    },
                                    "elements": [
                                        {
                                            "id": "22a67f65",
                                            "settings": {
                                                "title": "General Inquiries\u200b",
                                                "title_color": "#ffffff",
                                                "typography_typography": "custom",
                                                "typography_font_family": "Vidaloka",
                                                "typography_font_size": {
                                                    "unit": "px",
                                                    "size": 30
                                                },
                                                "typography_font_weight": "400",
                                                "typography_letter_spacing": {
                                                    "unit": "px",
                                                    "size": 0
                                                },
                                                "_padding": {
                                                    "unit": "px",
                                                    "top": "10",
                                                    "right": "0",
                                                    "bottom": "0",
                                                    "left": "0",
                                                    "isLinked": false
                                                },
                                                "typography_line_height": {
                                                    "unit": "px",
                                                    "size": 40
                                                },
                                                "_background_image": {
                                                    "id": "",
                                                    "url": "https:\/\/wp.envatoextensions.com\/kit-134\/wp-content\/plugins\/elementor\/assets\/images\/placeholder.png"
                                                },
                                                "_margin": {
                                                    "unit": "px",
                                                    "top": "0",
                                                    "right": "0",
                                                    "bottom": "0",
                                                    "left": "0",
                                                    "isLinked": false
                                                },
                                                "typography_font_size_tablet": {
                                                    "unit": "px",
                                                    "size": 24
                                                },
                                                "header_size": "h3",
                                                "align_mobile": "center",
                                                "typography_line_height_tablet": {
                                                    "unit": "px",
                                                    "size": 30
                                                },
                                                "align": "center"
                                            },
                                            "elements": [],
                                            "isInner": false,
                                            "widgetType": "heading",
                                            "elType": "widget"
                                        },
                                        {
                                            "id": "7092ef81",
                                            "settings": {
                                                "editor": "<p>1408 Blocks Valley, Sydney,\u00a0<br \/>NSW 2060,\u00a0Australia<\/p><p>(+61) 555-1408<br \/>info@ourdomain.com<\/p>",
                                                "text_color": "rgba(255,255,255,0.82)",
                                                "typography_typography": "custom",
                                                "typography_font_family": "Hind",
                                                "typography_font_size": {
                                                    "unit": "px",
                                                    "size": 15
                                                },
                                                "typography_font_weight": "400",
                                                "typography_line_height": {
                                                    "unit": "px",
                                                    "size": 26
                                                },
                                                "align_mobile": "center",
                                                "align": "center"
                                            },
                                            "elements": [],
                                            "isInner": false,
                                            "widgetType": "text-editor",
                                            "elType": "widget"
                                        }
                                    ],
                                    "isInner": true,
                                    "elType": "column"
                                },
                                {
                                    "id": "22a1118c",
                                    "settings": {
                                        "_column_size": 33,
                                        "_inline_size": null,
                                        "content_position": "top",
                                        "_inline_size_tablet": 33
                                    },
                                    "elements": [
                                        {
                                            "id": "4f0012c5",
                                            "settings": {
                                                "title": "Got Questions?",
                                                "title_color": "#ffffff",
                                                "typography_typography": "custom",
                                                "typography_font_family": "Vidaloka",
                                                "typography_font_size": {
                                                    "unit": "px",
                                                    "size": 30
                                                },
                                                "typography_font_weight": "400",
                                                "typography_letter_spacing": {
                                                    "unit": "px",
                                                    "size": 0
                                                },
                                                "_padding": {
                                                    "unit": "px",
                                                    "top": "10",
                                                    "right": "0",
                                                    "bottom": "0",
                                                    "left": "0",
                                                    "isLinked": false
                                                },
                                                "typography_line_height": {
                                                    "unit": "px",
                                                    "size": 40
                                                },
                                                "_background_image": {
                                                    "id": "",
                                                    "url": "https:\/\/wp.envatoextensions.com\/kit-134\/wp-content\/plugins\/elementor\/assets\/images\/placeholder.png"
                                                },
                                                "_margin": {
                                                    "unit": "px",
                                                    "top": "0",
                                                    "right": "0",
                                                    "bottom": "0",
                                                    "left": "0",
                                                    "isLinked": false
                                                },
                                                "typography_font_size_tablet": {
                                                    "unit": "px",
                                                    "size": 24
                                                },
                                                "header_size": "h3",
                                                "align_mobile": "center",
                                                "typography_line_height_tablet": {
                                                    "unit": "px",
                                                    "size": 30
                                                },
                                                "align": "right"
                                            },
                                            "elements": [],
                                            "isInner": false,
                                            "widgetType": "heading",
                                            "elType": "widget"
                                        },
                                        {
                                            "id": "64e44a2e",
                                            "settings": {
                                                "social_icon_list": [
                                                    {
                                                        "social": "fa fa-facebook",
                                                        "_id": "b0a5f71",
                                                        "link": {
                                                            "url": "",
                                                            "is_external": "true",
                                                            "nofollow": ""
                                                        }
                                                    },
                                                    {
                                                        "social": "fa fa-twitter",
                                                        "_id": "c6063b8",
                                                        "link": {
                                                            "url": "",
                                                            "is_external": "true",
                                                            "nofollow": ""
                                                        }
                                                    },
                                                    {
                                                        "social": "fa fa-google-plus",
                                                        "_id": "5a0f568",
                                                        "link": {
                                                            "url": "",
                                                            "is_external": "true",
                                                            "nofollow": ""
                                                        }
                                                    },
                                                    {
                                                        "social": "fa fa-pinterest",
                                                        "link": {
                                                            "url": "",
                                                            "is_external": "true",
                                                            "nofollow": ""
                                                        },
                                                        "_id": "eb5174d"
                                                    },
                                                    {
                                                        "social": "fa fa-envelope",
                                                        "link": {
                                                            "url": "",
                                                            "is_external": "true",
                                                            "nofollow": ""
                                                        },
                                                        "_id": "ec877e9"
                                                    }
                                                ],
                                                "icon_color": "custom",
                                                "icon_primary_color": "rgba(99,115,129,0)",
                                                "icon_secondary_color": "#ffffff",
                                                "icon_size": {
                                                    "unit": "px",
                                                    "size": 15
                                                },
                                                "icon_padding": {
                                                    "unit": "em",
                                                    "size": 0
                                                },
                                                "icon_spacing": {
                                                    "unit": "px",
                                                    "size": 13
                                                },
                                                "border_radius": {
                                                    "unit": "px",
                                                    "top": "0",
                                                    "right": "0",
                                                    "bottom": "0",
                                                    "left": "0",
                                                    "isLinked": true
                                                },
                                                "hover_primary_color": "rgba(0,0,0,0)",
                                                "hover_secondary_color": "#637381",
                                                "hover_animation": "float",
                                                "_padding": {
                                                    "unit": "px",
                                                    "top": "10",
                                                    "right": "0",
                                                    "bottom": "10",
                                                    "left": "0",
                                                    "isLinked": false
                                                },
                                                "align": "right",
                                                "align_mobile": "center"
                                            },
                                            "elements": [],
                                            "isInner": false,
                                            "widgetType": "social-icons",
                                            "elType": "widget"
                                        }
                                    ],
                                    "isInner": true,
                                    "elType": "column"
                                }
                            ],
                            "isInner": true,
                            "elType": "section"
                        }
                    ],
                    "isInner": false,
                    "elType": "column"
                }
            ],
            "isInner": false,
            "elType": "section"
        },
        {
            "id": "418cd957",
            "settings": {
                "background_color": "#f9f9f9",
                "padding": {
                    "unit": "px",
                    "top": "100",
                    "right": "0",
                    "bottom": "100",
                    "left": "0",
                    "isLinked": false
                },
                "background_image": {
                    "url": "https:\/\/wp.envatoextensions.com\/kit-134\/wp-content\/uploads\/sites\/137\/2018\/11\/photo-1525748822304-6807cb1348ab.jpeg",
                    "id": 22
                },
                "background_position": "center center",
                "background_repeat": "no-repeat",
                "background_size": "cover",
                "background_overlay_background": "classic",
                "background_overlay_color": "#05080c",
                "background_overlay_opacity": {
                    "unit": "px",
                    "size": 0.92000000000000004
                },
                "background_overlay_image": {
                    "url": "https:\/\/wp.envatoextensions.com\/kit-134\/wp-content\/uploads\/sites\/137\/2018\/11\/noisy-texture-100x100-o5-d10-c-f34379-t1.png",
                    "id": 23
                },
                "gap": "wider",
                "structure": "20",
                "background_overlay_position": "center center",
                "background_overlay_repeat": "repeat",
                "padding_mobile": {
                    "unit": "px",
                    "top": "60",
                    "right": "0",
                    "bottom": "60",
                    "left": "0",
                    "isLinked": false
                }
            },
            "elements": [
                {
                    "id": "4ff2a918",
                    "settings": {
                        "_column_size": 50,
                        "_inline_size": 31.491,
                        "background_image": {
                            "id": "",
                            "url": "https:\/\/wp.envatoextensions.com\/kit-134\/wp-content\/plugins\/elementor\/assets\/images\/placeholder.png"
                        },
                        "background_position": "center center",
                        "background_repeat": "no-repeat",
                        "background_size": "cover",
                        "background_overlay_background": "classic",
                        "background_overlay_color": "#222222",
                        "background_overlay_opacity": {
                            "unit": "px",
                            "size": 0.84999999999999998
                        },
                        "padding": {
                            "unit": "px",
                            "top": "10",
                            "right": "30",
                            "bottom": "10",
                            "left": "10",
                            "isLinked": false
                        },
                        "padding_tablet": {
                            "unit": "px",
                            "top": "20",
                            "right": "20",
                            "bottom": "20",
                            "left": "20",
                            "isLinked": true
                        },
                        "padding_mobile": {
                            "unit": "px",
                            "top": "20",
                            "right": "20",
                            "bottom": "20",
                            "left": "20",
                            "isLinked": true
                        }
                    },
                    "elements": [
                        {
                            "id": "676b1d7c",
                            "settings": {
                                "title": "Have a Question?",
                                "title_color": "#a9b5bc",
                                "typography_typography": "custom",
                                "typography_font_family": "Karla",
                                "typography_font_size": {
                                    "unit": "px",
                                    "size": 16
                                },
                                "typography_font_weight": "700",
                                "typography_text_transform": "uppercase",
                                "typography_letter_spacing": {
                                    "unit": "px",
                                    "size": 1.6000000000000001
                                },
                                "_margin": {
                                    "unit": "px",
                                    "top": "0",
                                    "right": "0",
                                    "bottom": "0",
                                    "left": "0",
                                    "isLinked": false
                                },
                                "_padding": {
                                    "unit": "px",
                                    "top": "0",
                                    "right": "0",
                                    "bottom": "0",
                                    "left": "0",
                                    "isLinked": false
                                },
                                "header_size": "h5",
                                "typography_line_height": {
                                    "unit": "px",
                                    "size": 26
                                },
                                "align_mobile": "center"
                            },
                            "elements": [],
                            "isInner": false,
                            "widgetType": "heading",
                            "elType": "widget"
                        },
                        {
                            "id": "47d362b",
                            "settings": {
                                "title": "FAQ",
                                "title_color": "#384975",
                                "typography_typography": "custom",
                                "typography_font_family": "Vidaloka",
                                "typography_font_size": {
                                    "unit": "px",
                                    "size": 66
                                },
                                "typography_font_weight": "300",
                                "typography_letter_spacing": {
                                    "unit": "px",
                                    "size": -0.5
                                },
                                "_padding": {
                                    "unit": "px",
                                    "top": "0",
                                    "right": "0",
                                    "bottom": "0",
                                    "left": "0",
                                    "isLinked": false
                                },
                                "typography_line_height": {
                                    "unit": "em",
                                    "size": ""
                                },
                                "_background_image": {
                                    "id": "",
                                    "url": "https:\/\/wp.envatoextensions.com\/kit-134\/wp-content\/plugins\/elementor\/assets\/images\/placeholder.png"
                                },
                                "_margin": {
                                    "unit": "px",
                                    "top": "0",
                                    "right": "0",
                                    "bottom": "0",
                                    "left": "0",
                                    "isLinked": false
                                },
                                "typography_font_size_tablet": {
                                    "unit": "px",
                                    "size": 52
                                },
                                "align_mobile": "center",
                                "typography_font_size_mobile": {
                                    "unit": "px",
                                    "size": 40
                                },
                                "typography_line_height_mobile": {
                                    "unit": "px",
                                    "size": 50
                                },
                                "align": "left"
                            },
                            "elements": [],
                            "isInner": false,
                            "widgetType": "heading",
                            "elType": "widget"
                        },
                        {
                            "id": "20a23a2f",
                            "settings": {
                                "weight": {
                                    "unit": "px",
                                    "size": 1.8
                                },
                                "color": "rgba(99,115,129,0.34)",
                                "width": {
                                    "unit": "px",
                                    "size": 70
                                },
                                "_margin": {
                                    "unit": "px",
                                    "top": "0",
                                    "right": "0",
                                    "bottom": "0",
                                    "left": "0",
                                    "isLinked": false
                                },
                                "gap": {
                                    "unit": "px",
                                    "size": 7
                                },
                                "align_mobile": "center"
                            },
                            "elements": [],
                            "isInner": false,
                            "widgetType": "divider",
                            "elType": "widget"
                        },
                        {
                            "id": "2d320bff",
                            "settings": {
                                "editor": "<p>We are here to help you 7 days a week and respond within 24 hours. Plus, you can find most answers to your questions right on this page.<\/p>",
                                "text_color": "#727982",
                                "typography_typography": "custom",
                                "typography_font_family": "Hind",
                                "typography_font_size": {
                                    "unit": "px",
                                    "size": 15
                                },
                                "typography_font_weight": "400",
                                "typography_line_height": {
                                    "unit": "px",
                                    "size": 26
                                },
                                "typography_letter_spacing": {
                                    "unit": "px",
                                    "size": 0
                                },
                                "align_mobile": "center"
                            },
                            "elements": [],
                            "isInner": false,
                            "widgetType": "text-editor",
                            "elType": "widget"
                        }
                    ],
                    "isInner": false,
                    "elType": "column"
                },
                {
                    "id": "79bf07b6",
                    "settings": {
                        "_column_size": 50,
                        "_inline_size": 68.509,
                        "padding": {
                            "unit": "px",
                            "top": "10",
                            "right": "0",
                            "bottom": "10",
                            "left": "30",
                            "isLinked": false
                        },
                        "padding_tablet": {
                            "unit": "px",
                            "top": "20",
                            "right": "20",
                            "bottom": "20",
                            "left": "20",
                            "isLinked": true
                        },
                        "padding_mobile": {
                            "unit": "px",
                            "top": "20",
                            "right": "20",
                            "bottom": "20",
                            "left": "20",
                            "isLinked": true
                        }
                    },
                    "elements": [
                        {
                            "id": "19471857",
                            "settings": {
                                "tabs": [
                                    {
                                        "tab_title": "Individuals",
                                        "tab_content": "<p>Lorem ipsum dolor sit amet, consectetur adipiscing elit. Ut elit tellus, luctus nec ullamcorper mattis, pulvinar dapibus leo.<\/p><p>Lorem ipsum dolor sit amet, consectetur adipiscing elit, sed do eiusmod tempor incididunt ut labore et dolore magna aliqua. Ut enim ad minim veniam, quis nostrud exercitation ullamco laboris nisi ut aliquip ex ea commodo consequat. Duis aute irure dolor in reprehenderit in voluptate velit esse cillum.<\/p><p>Id eu nisl nunc mi ipsum faucibus vitae aliquet nec. Ullamcorper eget nulla facilisi etiam dignissim diam quis enim. Nunc mattis enim ut tellus elementum sagittis vitae et. Lacus suspendisse faucibus interdum posuere lorem ipsum dolor. Ultricies mi quis hendrerit dolor magna eget est lorem. Turpis egestas maecenas pharetra convallis posuere morbi leo urna. Eget aliquet nibh praesent tristique magna sit amet purus. Id eu nisl nunc mi ipsum faucibus vitae aliquet nec. Egestas dui id ornare arcu odio ut sem. Ac odio tempor orci dapibus ultrices in iaculis nunc sed.<\/p>",
                                        "_id": "65e13ce"
                                    },
                                    {
                                        "tab_title": "Businesses",
                                        "tab_content": "<p>Lorem ipsum dolor sit amet, consectetur adipiscing elit. Ut elit tellus, luctus nec ullamcorper mattis, pulvinar dapibus leo. Lorem ipsum dolor sit amet, consectetur adipiscing elit, sed do eiusmod tempor incididunt ut labore et dolore magna aliqua. Ut enim ad minim veniam, quis nostrud exercitation ullamco laboris nisi ut aliquip ex ea commodo consequat. Duis aute irure dolor in reprehenderit in voluptate velit esse cillum.<\/p><p>Id eu nisl nunc mi ipsum faucibus vitae aliquet nec. Ullamcorper eget nulla facilisi etiam dignissim diam quis enim. Nunc mattis enim ut tellus elementum sagittis vitae et. Lacus suspendisse faucibus interdum posuere lorem ipsum dolor. Ultricies mi quis hendrerit dolor magna eget est lorem. Turpis egestas maecenas pharetra convallis posuere morbi leo urna. Eget aliquet nibh praesent tristique magna sit amet purus. Id eu nisl nunc mi ipsum faucibus vitae aliquet nec. Egestas dui id ornare arcu odio ut sem. Ac odio tempor orci dapibus ultrices in iaculis nunc sed.<\/p>",
                                        "_id": "b9aa37c"
                                    },
                                    {
                                        "tab_title": "Foreigners",
                                        "tab_content": "<p>Lorem ipsum dolor sit amet, consectetur adipiscing elit. Ut elit tellus, luctus nec ullamcorper mattis, pulvinar dapibus leo.<\/p><ol><li>\u00a0Lorem ipsum dolor sit amet, consectetur adipiscing elit, sed do eiusmod tempor incididunt.<\/li><li>\u00a0Ut labore et dolore magna aliqua. Ut enim ad minim veniam, quis nostrud.<\/li><li>\u00a0Exercitation ullamco laboris nisi ut aliquip ex ea commodo consequat.<\/li><li>\u00a0Duis aute irure dolor in reprehenderit in voluptate velit esse cillum.<\/li><\/ol><p>Id eu nisl nunc mi ipsum faucibus vitae aliquet nec. Ullamcorper eget nulla facilisi etiam dignissim diam quis enim. Nunc mattis enim ut tellus elementum sagittis vitae et. Lacus suspendisse faucibus interdum posuere lorem ipsum dolor. Ultricies mi quis hendrerit dolor magna eget est lorem. Turpis egestas maecenas pharetra convallis posuere morbi leo urna. Eget aliquet nibh praesent tristique magna sit amet purus. Id eu nisl nunc mi ipsum faucibus vitae aliquet nec. Egestas dui id ornare arcu odio ut sem. Ac odio tempor orci dapibus ultrices in iaculis nunc sed.<\/p>",
                                        "_id": "07310ee"
                                    },
                                    {
                                        "tab_title": "Resources",
                                        "tab_content": "<p>Lorem ipsum dolor sit amet, consectetur adipiscing elit. Ut elit tellus, luctus nec ullamcorper mattis, pulvinar dapibus leo.<\/p><p>Lorem ipsum dolor sit amet, consectetur adipiscing elit, sed do eiusmod tempor incididunt ut labore et dolore magna aliqua. Ut enim ad minim veniam, quis nostrud exercitation ullamco laboris nisi ut aliquip ex ea commodo consequat. Duis aute irure dolor in reprehenderit in voluptate velit esse cillum.<\/p><p>Id eu nisl nunc mi ipsum faucibus vitae aliquet nec. Ullamcorper eget nulla facilisi etiam dignissim diam quis enim. Nunc mattis enim ut tellus elementum sagittis vitae et. Lacus suspendisse faucibus interdum posuere lorem ipsum dolor. Ultricies mi quis hendrerit dolor magna eget est lorem. Turpis egestas maecenas pharetra convallis posuere morbi leo urna. Eget aliquet nibh praesent tristique magna sit amet purus. Id eu nisl nunc mi ipsum faucibus vitae aliquet nec. Egestas dui id ornare arcu odio ut sem. Ac odio tempor orci dapibus ultrices in iaculis nunc sed.<\/p>",
                                        "_id": "d7e83cd"
                                    }
                                ],
                                "border_color": "rgba(99,115,129,0.27)",
                                "tab_color": "#384975",
                                "tab_active_color": "#a9b5bc",
                                "tab_typography_typography": "custom",
                                "tab_typography_font_family": "Vidaloka",
                                "tab_typography_font_size": {
                                    "unit": "px",
                                    "size": 17,
                                    "sizes": []
                                },
                                "tab_typography_font_weight": "300",
                                "tab_typography_letter_spacing": {
                                    "unit": "px",
                                    "size": -0.20000000000000001,
                                    "sizes": []
                                },
                                "content_color": "#727982",
                                "content_typography_typography": "custom",
                                "content_typography_font_family": "Hind",
                                "content_typography_font_size": {
                                    "unit": "px",
                                    "size": 15
                                },
                                "content_typography_font_weight": "400",
                                "content_typography_line_height": {
                                    "unit": "em",
                                    "size": 1.7
                                },
                                "content_typography_letter_spacing": {
                                    "unit": "px",
                                    "size": 0
                                },
                                "_margin": {
                                    "unit": "px",
                                    "top": "05",
                                    "right": "0",
                                    "bottom": "0",
                                    "left": "0",
                                    "isLinked": false
                                },
                                "_css_classes": "envato-kit-195-roundborders",
                                "_border_width": {
                                    "unit": "px",
                                    "top": "1",
                                    "right": "1",
                                    "bottom": "0",
                                    "left": "1",
                                    "isLinked": false
                                },
                                "_border_color": "rgba(99,115,129,0.27)",
                                "_border_radius": {
                                    "unit": "px",
                                    "top": "4",
                                    "right": "4",
                                    "bottom": "4",
                                    "left": "4",
                                    "isLinked": true
                                }
                            },
                            "elements": [],
                            "isInner": false,
                            "widgetType": "tabs",
                            "elType": "widget"
                        }
                    ],
                    "isInner": false,
                    "elType": "column"
                }
            ],
            "isInner": false,
            "elType": "section"
        },
        {
            "id": "24210889",
            "settings": {
                "layout": "full_width",
                "gap": "no",
                "height": "min-height",
                "column_position": "stretch",
                "structure": "30",
                "margin": {
                    "unit": "px",
                    "top": "0",
                    "right": 0,
                    "bottom": "0",
                    "left": 0,
                    "isLinked": true
                },
                "padding": {
                    "unit": "px",
                    "top": "0",
                    "right": "0",
                    "bottom": "0",
                    "left": "0",
                    "isLinked": true
                },
                "reverse_order_mobile": "reverse-mobile"
            },
            "elements": [
                {
                    "id": "402b3aa8",
                    "settings": {
                        "_column_size": 33,
                        "_inline_size": null,
                        "background_background": "classic",
                        "background_image": {
                            "url": "https:\/\/wp.envatoextensions.com\/kit-195\/wp-content\/uploads\/sites\/191\/2019\/10\/business-women-working.jpg",
                            "id": 13
                        },
                        "background_position_tablet": "initial",
                        "background_position_mobile": "center left",
                        "background_xpos_tablet": {
                            "unit": "px",
                            "size": -93,
                            "sizes": []
                        },
                        "background_size": "cover",
                        "background_size_tablet": "cover"
                    },
                    "elements": [
                        {
                            "id": "7660d98d",
                            "settings": {
                                "space_mobile": {
                                    "unit": "px",
                                    "size": 0,
                                    "sizes": []
                                }
                            },
                            "elements": [],
                            "isInner": false,
                            "widgetType": "spacer",
                            "elType": "widget"
                        }
                    ],
                    "isInner": false,
                    "elType": "column"
                },
                {
                    "id": "379ca190",
                    "settings": {
                        "_column_size": 33,
                        "_inline_size": null,
                        "background_background": "classic",
                        "background_image": {
                            "url": "https:\/\/wp.envatoextensions.com\/kit-195\/wp-content\/uploads\/sites\/191\/2019\/10\/map-bw.jpg",
                            "id": 199
                        },
                        "background_position": "initial",
                        "background_xpos": {
                            "unit": "px",
                            "size": -232,
                            "sizes": []
                        },
                        "background_size": "cover"
                    },
                    "elements": [
                        {
                            "id": "7b75d625",
                            "settings": {
                                "space_mobile": {
                                    "unit": "px",
                                    "size": 435,
                                    "sizes": []
                                }
                            },
                            "elements": [],
                            "isInner": false,
                            "widgetType": "spacer",
                            "elType": "widget"
                        }
                    ],
                    "isInner": false,
                    "elType": "column"
                },
                {
                    "id": "1a029b72",
                    "settings": {
                        "_column_size": 33,
                        "_inline_size": null,
                        "background_background": "classic",
                        "background_image": {
                            "url": "https:\/\/wp.envatoextensions.com\/kit-195\/wp-content\/uploads\/sites\/191\/2019\/10\/three-women-in-office.jpg",
                            "id": 21
                        },
                        "background_position": "bottom center",
                        "background_size": "cover"
                    },
                    "elements": [
                        {
                            "id": "7f14019b",
                            "settings": {
                                "space_mobile": {
                                    "unit": "px",
                                    "size": 161,
                                    "sizes": []
                                }
                            },
                            "elements": [],
                            "isInner": false,
                            "widgetType": "spacer",
                            "elType": "widget"
                        }
                    ],
                    "isInner": false,
                    "elType": "column"
                }
            ],
            "isInner": false,
            "elType": "section"
        }
    ]
}