{
    "version": "0.4",
    "title": "Contact Us (Pro)",
    "type": "section",
    "metadata": {
        "template_type": "section",
        "elementor_pro_required": true,
        "wp_page_template": "default"
    },
    "content": [
        {
            "id": "34d4cc7b",
            "settings": {
                "background_color": "rgba(246,246,246,0)",
                "padding": {
                    "unit": "px",
                    "top": "60",
                    "right": "0",
                    "bottom": "0",
                    "left": "0",
                    "isLinked": false
                },
                "background_position": "center center",
                "background_repeat": "no-repeat",
                "background_size": "cover",
                "background_overlay_background": "gradient",
                "background_overlay_opacity": {
                    "unit": "px",
                    "size": 1
                },
                "background_overlay_position": "bottom center",
                "padding_tablet": {
                    "unit": "px",
                    "top": "80",
                    "right": "0",
                    "bottom": "80",
                    "left": "0",
                    "isLinked": false
                },
                "padding_mobile": {
                    "unit": "em",
                    "top": "1",
                    "right": "1",
                    "bottom": "1",
                    "left": "1",
                    "isLinked": true
                },
                "background_background": "classic",
                "content_width": {
                    "unit": "px",
                    "size": ""
                },
                "gap": "wider",
                "height": "min-height",
                "content_position": "middle",
                "background_color_stop": {
                    "unit": "%",
                    "size": 34
                },
                "background_color_b": "rgba(255,255,255,0)",
                "background_color_b_stop": {
                    "unit": "%",
                    "size": 34
                },
                "background_gradient_angle": {
                    "unit": "deg",
                    "size": 90
                },
                "background_image": {
                    "url": "https:\/\/wp.envatoextensions.com\/kit-195\/wp-content\/uploads\/sites\/191\/2019\/10\/chris-brignola-X2CxUXFqKcM-unsplash.jpg",
                    "id": 14
                },
                "background_xpos": {
                    "unit": "px",
                    "size": 142,
                    "sizes": []
                },
                "background_overlay_color": "rgba(255,255,255,0.55)",
                "background_overlay_color_stop": {
                    "unit": "%",
                    "size": 60,
                    "sizes": []
                },
                "background_overlay_color_b": "#edf1f2",
                "background_overlay_color_b_stop": {
                    "unit": "%",
                    "size": 0,
                    "sizes": []
                },
                "background_overlay_gradient_angle": {
                    "unit": "deg",
                    "size": 270,
                    "sizes": []
                },
                "background_overlay_image": {
                    "url": "https:\/\/wp.envatoextensions.com\/kit-195\/wp-content\/uploads\/sites\/191\/2019\/10\/three-women-in-office.jpg",
                    "id": 21
                },
                "background_overlay_xpos": {
                    "unit": "px",
                    "size": 318,
                    "sizes": []
                },
                "background_overlay_size": "cover",
                "custom_height": {
                    "unit": "vh",
                    "size": 60,
                    "sizes": []
                },
                "background_position_mobile": "center right",
                "background_size_mobile": "cover"
            },
            "elements": [
                {
                    "id": "768f2a5e",
                    "settings": {
                        "_column_size": 100,
                        "_inline_size": null,
                        "background_image": {
                            "id": "",
                            "url": "https:\/\/wp.envatoextensions.com\/kit-134\/wp-content\/plugins\/elementor\/assets\/images\/placeholder.png"
                        },
                        "background_position": "center center",
                        "background_repeat": "no-repeat",
                        "background_size": "cover",
                        "background_overlay_background": "classic",
                        "background_overlay_color": "#222222",
                        "background_overlay_opacity": {
                            "unit": "px",
                            "size": 0.84999999999999998
                        },
                        "padding": {
                            "unit": "px",
                            "top": "0",
                            "right": "0",
                            "bottom": "0",
                            "left": "0",
                            "isLinked": false
                        }
                    },
                    "elements": [
                        {
                            "id": "5d124259",
                            "settings": {
                                "content_width": {
                                    "unit": "px",
                                    "size": 534
                                },
                                "layout": "full_width",
                                "structure": "20"
                            },
                            "elements": [
                                {
                                    "id": "32b549e8",
                                    "settings": {
                                        "_column_size": 50,
                                        "_inline_size": null,
                                        "space_between_widgets": 22,
                                        "padding_tablet": {
                                            "unit": "em",
                                            "top": "1",
                                            "right": "1",
                                            "bottom": "1",
                                            "left": "1",
                                            "isLinked": true
                                        }
                                    },
                                    "elements": [
                                        {
                                            "id": "3bc03b07",
                                            "settings": {
                                                "title": "Get In Touch",
                                                "title_color": "rgba(99,115,129,0.5)",
                                                "typography_typography": "custom",
                                                "typography_font_family": "Karla",
                                                "typography_font_size": {
                                                    "unit": "px",
                                                    "size": 16
                                                },
                                                "typography_font_weight": "700",
                                                "typography_text_transform": "uppercase",
                                                "typography_letter_spacing": {
                                                    "unit": "px",
                                                    "size": 1.6000000000000001
                                                },
                                                "_margin": {
                                                    "unit": "px",
                                                    "top": "0",
                                                    "right": "0",
                                                    "bottom": "0",
                                                    "left": "0",
                                                    "isLinked": false
                                                },
                                                "_padding": {
                                                    "unit": "px",
                                                    "top": "0",
                                                    "right": "0",
                                                    "bottom": "0",
                                                    "left": "0",
                                                    "isLinked": false
                                                },
                                                "align": "left",
                                                "header_size": "h5",
                                                "typography_line_height": {
                                                    "unit": "px",
                                                    "size": 26
                                                },
                                                "align_mobile": "center"
                                            },
                                            "elements": [],
                                            "isInner": false,
                                            "widgetType": "heading",
                                            "elType": "widget"
                                        },
                                        {
                                            "id": "46eeb7a2",
                                            "settings": {
                                                "title": "Contact Us",
                                                "title_color": "#384975",
                                                "typography_typography": "custom",
                                                "typography_font_family": "Vidaloka",
                                                "typography_font_size": {
                                                    "unit": "px",
                                                    "size": 82
                                                },
                                                "typography_font_weight": "400",
                                                "typography_letter_spacing": {
                                                    "unit": "px",
                                                    "size": -0.69999999999999996
                                                },
                                                "_padding": {
                                                    "unit": "px",
                                                    "top": "0",
                                                    "right": "0",
                                                    "bottom": "0",
                                                    "left": "0",
                                                    "isLinked": false
                                                },
                                                "typography_line_height": {
                                                    "unit": "em",
                                                    "size": ""
                                                },
                                                "_background_image": {
                                                    "id": "",
                                                    "url": "https:\/\/wp.envatoextensions.com\/kit-134\/wp-content\/plugins\/elementor\/assets\/images\/placeholder.png"
                                                },
                                                "_margin": {
                                                    "unit": "px",
                                                    "top": "0",
                                                    "right": "0",
                                                    "bottom": "0",
                                                    "left": "0",
                                                    "isLinked": false
                                                },
                                                "align": "left",
                                                "typography_font_size_tablet": {
                                                    "unit": "px",
                                                    "size": 52
                                                },
                                                "typography_font_size_mobile": {
                                                    "unit": "px",
                                                    "size": 40
                                                },
                                                "typography_line_height_mobile": {
                                                    "unit": "px",
                                                    "size": 50
                                                },
                                                "align_mobile": "center",
                                                "text_shadow_text_shadow": {
                                                    "horizontal": 1,
                                                    "vertical": 1,
                                                    "blur": 0,
                                                    "color": "#a9b5bc"
                                                }
                                            },
                                            "elements": [],
                                            "isInner": false,
                                            "widgetType": "heading",
                                            "elType": "widget"
                                        }
                                    ],
                                    "isInner": true,
                                    "elType": "column"
                                },
                                {
                                    "id": "680d991f",
                                    "settings": {
                                        "_column_size": 50,
                                        "_inline_size": null,
                                        "content_position": "bottom"
                                    },
                                    "elements": [
                                        {
                                            "id": "6402ed71",
                                            "settings": {
                                                "editor": "<p>We are here to help you 7 days a week and respond within 24 hours. Plus, you can find most answers to your questions right on FAQ page.<\/p>",
                                                "text_color": "#727982",
                                                "typography_typography": "custom",
                                                "typography_font_family": "Hind",
                                                "typography_font_size": {
                                                    "unit": "px",
                                                    "size": 15
                                                },
                                                "typography_font_weight": "400",
                                                "typography_line_height": {
                                                    "unit": "px",
                                                    "size": 26
                                                },
                                                "align": "left",
                                                "typography_letter_spacing": {
                                                    "unit": "px",
                                                    "size": 0
                                                },
                                                "align_mobile": "center"
                                            },
                                            "elements": [],
                                            "isInner": false,
                                            "widgetType": "text-editor",
                                            "elType": "widget"
                                        }
                                    ],
                                    "isInner": true,
                                    "elType": "column"
                                }
                            ],
                            "isInner": true,
                            "elType": "section"
                        },
                        {
                            "id": "458a1504",
                            "settings": {
                                "gap": "wider",
                                "structure": "20",
                                "margin": {
                                    "unit": "px",
                                    "top": "0",
                                    "right": 0,
                                    "bottom": "0",
                                    "left": 0,
                                    "isLinked": false
                                },
                                "layout": "full_width"
                            },
                            "elements": [
                                {
                                    "id": "52429268",
                                    "settings": {
                                        "_column_size": 50,
                                        "_inline_size": 36.159999999999997,
                                        "padding_tablet": {
                                            "unit": "em",
                                            "top": "2",
                                            "right": "2",
                                            "bottom": "2",
                                            "left": "2",
                                            "isLinked": true
                                        },
                                        "content_position": "top"
                                    },
                                    "elements": [
                                        {
                                            "id": "2b900841",
                                            "settings": {
                                                "image": {
                                                    "url": "https:\/\/wp.envatoextensions.com\/kit-195\/wp-content\/uploads\/sites\/191\/2019\/10\/map_64px.png",
                                                    "id": 28
                                                },
                                                "align": "left",
                                                "link_to": "custom",
                                                "link": {
                                                    "url": "#map",
                                                    "is_external": "",
                                                    "nofollow": ""
                                                },
                                                "css_filters_css_filter": "custom",
                                                "css_filters_brightness": {
                                                    "unit": "px",
                                                    "size": 113,
                                                    "sizes": []
                                                },
                                                "hover_animation": "sink",
                                                "_padding": {
                                                    "unit": "em",
                                                    "top": "1",
                                                    "right": "1",
                                                    "bottom": "0",
                                                    "left": "1",
                                                    "isLinked": false
                                                },
                                                "_element_width": "auto",
                                                "_offset_x": {
                                                    "size": 2,
                                                    "unit": "px"
                                                },
                                                "_offset_y": {
                                                    "size": -351,
                                                    "unit": "px"
                                                },
                                                "align_mobile": "center",
                                                "align_tablet": "left",
                                                "_margin": {
                                                    "unit": "px",
                                                    "top": "0",
                                                    "right": "0",
                                                    "bottom": "0",
                                                    "left": "-20",
                                                    "isLinked": false
                                                },
                                                "_margin_tablet": {
                                                    "unit": "px",
                                                    "top": "0",
                                                    "right": "0",
                                                    "bottom": "8",
                                                    "left": "-14",
                                                    "isLinked": false
                                                },
                                                "_element_width_tablet": "inherit"
                                            },
                                            "elements": [],
                                            "isInner": false,
                                            "widgetType": "image",
                                            "elType": "widget"
                                        },
                                        {
                                            "id": "5ad8ecc8",
                                            "settings": {
                                                "title": "Get directions",
                                                "title_color": "#384975",
                                                "typography_typography": "custom",
                                                "typography_font_family": "Karla",
                                                "typography_font_size": {
                                                    "unit": "px",
                                                    "size": 14
                                                },
                                                "typography_font_weight": "700",
                                                "typography_text_transform": "uppercase",
                                                "typography_letter_spacing": {
                                                    "unit": "px",
                                                    "size": 1.6000000000000001
                                                },
                                                "_margin": {
                                                    "unit": "px",
                                                    "top": "0",
                                                    "right": "0",
                                                    "bottom": "0",
                                                    "left": "0",
                                                    "isLinked": false
                                                },
                                                "_padding": {
                                                    "unit": "em",
                                                    "top": "0",
                                                    "right": "0",
                                                    "bottom": "0",
                                                    "left": "0",
                                                    "isLinked": false
                                                },
                                                "header_size": "h5",
                                                "typography_line_height": {
                                                    "unit": "px",
                                                    "size": 26
                                                },
                                                "link": {
                                                    "url": "#map",
                                                    "is_external": "",
                                                    "nofollow": ""
                                                },
                                                "_element_width": "auto",
                                                "_element_vertical_align": "flex-end",
                                                "align_tablet": "left",
                                                "align_mobile": "center",
                                                "_element_width_tablet": "inherit"
                                            },
                                            "elements": [],
                                            "isInner": false,
                                            "widgetType": "heading",
                                            "elType": "widget"
                                        },
                                        {
                                            "id": "18e68ea7",
                                            "settings": {
                                                "space": {
                                                    "unit": "px",
                                                    "size": 30,
                                                    "sizes": []
                                                }
                                            },
                                            "elements": [],
                                            "isInner": false,
                                            "widgetType": "spacer",
                                            "elType": "widget"
                                        },
                                        {
                                            "id": "569fbfec",
                                            "settings": {
                                                "editor": "<p>If you are a reporter looking for information on media services please contact us at:<\/p><p>press@ourdomain.com<\/p>",
                                                "text_color": "#727982",
                                                "typography_typography": "custom",
                                                "typography_font_family": "Hind",
                                                "typography_font_size": {
                                                    "unit": "px",
                                                    "size": 15
                                                },
                                                "typography_font_weight": "400",
                                                "typography_line_height": {
                                                    "unit": "px",
                                                    "size": 26
                                                },
                                                "typography_letter_spacing": {
                                                    "unit": "px",
                                                    "size": 0
                                                },
                                                "align_mobile": "center"
                                            },
                                            "elements": [],
                                            "isInner": false,
                                            "widgetType": "text-editor",
                                            "elType": "widget"
                                        },
                                        {
                                            "id": "1ad1a2c6",
                                            "settings": {
                                                "social_icon_list": [
                                                    {
                                                        "social": "fa fa-facebook",
                                                        "_id": "b0a5f71",
                                                        "link": {
                                                            "url": "",
                                                            "is_external": "true",
                                                            "nofollow": ""
                                                        }
                                                    },
                                                    {
                                                        "social": "fa fa-twitter",
                                                        "_id": "c6063b8",
                                                        "link": {
                                                            "url": "",
                                                            "is_external": "true",
                                                            "nofollow": ""
                                                        }
                                                    },
                                                    {
                                                        "social": "fa fa-google-plus",
                                                        "_id": "5a0f568",
                                                        "link": {
                                                            "url": "",
                                                            "is_external": "true",
                                                            "nofollow": ""
                                                        }
                                                    },
                                                    {
                                                        "social": "fa fa-pinterest",
                                                        "link": {
                                                            "url": "",
                                                            "is_external": "true",
                                                            "nofollow": ""
                                                        },
                                                        "_id": "eb5174d"
                                                    },
                                                    {
                                                        "social": "fa fa-envelope",
                                                        "link": {
                                                            "url": "",
                                                            "is_external": "true",
                                                            "nofollow": ""
                                                        },
                                                        "_id": "ec877e9"
                                                    }
                                                ],
                                                "icon_color": "custom",
                                                "icon_primary_color": "rgba(99,115,129,0)",
                                                "icon_secondary_color": "rgba(99,115,129,0.5)",
                                                "icon_size": {
                                                    "unit": "px",
                                                    "size": 15
                                                },
                                                "icon_padding": {
                                                    "unit": "em",
                                                    "size": 0
                                                },
                                                "icon_spacing": {
                                                    "unit": "px",
                                                    "size": 13
                                                },
                                                "border_radius": {
                                                    "unit": "px",
                                                    "top": "0",
                                                    "right": "0",
                                                    "bottom": "0",
                                                    "left": "0",
                                                    "isLinked": true
                                                },
                                                "hover_primary_color": "rgba(0,0,0,0)",
                                                "hover_secondary_color": "#637381",
                                                "hover_animation": "float",
                                                "_padding": {
                                                    "unit": "px",
                                                    "top": "10",
                                                    "right": "0",
                                                    "bottom": "10",
                                                    "left": "0",
                                                    "isLinked": false
                                                },
                                                "align": "left",
                                                "align_mobile": "center"
                                            },
                                            "elements": [],
                                            "isInner": false,
                                            "widgetType": "social-icons",
                                            "elType": "widget"
                                        }
                                    ],
                                    "isInner": true,
                                    "elType": "column"
                                },
                                {
                                    "id": "6b5a358d",
                                    "settings": {
                                        "_column_size": 50,
                                        "_inline_size": 63.840000000000003,
                                        "padding": {
                                            "unit": "px",
                                            "top": "30",
                                            "right": "30",
                                            "bottom": "30",
                                            "left": "30",
                                            "isLinked": true
                                        },
                                        "padding_tablet": {
                                            "unit": "px",
                                            "top": "20",
                                            "right": "20",
                                            "bottom": "20",
                                            "left": "20",
                                            "isLinked": true
                                        },
                                        "background_background": "classic",
                                        "background_color": "#ffffff",
                                        "border_radius": {
                                            "unit": "px",
                                            "top": "4",
                                            "right": "0",
                                            "bottom": "0",
                                            "left": "4",
                                            "isLinked": false
                                        }
                                    },
                                    "elements": [
                                        {
                                            "id": "693d8e75",
                                            "settings": {
                                                "form_name": "New Form",
                                                "form_fields": [
                                                    {
                                                        "_id": "email",
                                                        "field_type": "text",
                                                        "required": "true",
                                                        "field_label": "",
                                                        "placeholder": "First Name",
                                                        "width": "50",
                                                        "field_value": "",
                                                        "min_date": "",
                                                        "max_date": "",
                                                        "field_options": "",
                                                        "allow_multiple": "",
                                                        "select_size": "",
                                                        "inline_list": "",
                                                        "field_html": "",
                                                        "width_tablet": "",
                                                        "width_mobile": "",
                                                        "rows": 4,
                                                        "recaptcha_size": "normal",
                                                        "recaptcha_style": "light",
                                                        "css_classes": "",
                                                        "custom_id": "email"
                                                    },
                                                    {
                                                        "_id": "3f7ac8e",
                                                        "field_type": "text",
                                                        "required": "true",
                                                        "field_label": "",
                                                        "placeholder": "Last Name",
                                                        "width": "50",
                                                        "field_value": "",
                                                        "min_date": "",
                                                        "max_date": "",
                                                        "field_options": "",
                                                        "allow_multiple": "",
                                                        "select_size": "",
                                                        "inline_list": "",
                                                        "field_html": "",
                                                        "width_tablet": "",
                                                        "width_mobile": "",
                                                        "rows": 4,
                                                        "recaptcha_size": "normal",
                                                        "recaptcha_style": "light",
                                                        "css_classes": "",
                                                        "custom_id": "3f7ac8e"
                                                    },
                                                    {
                                                        "_id": "e70080f",
                                                        "field_type": "email",
                                                        "required": "true",
                                                        "field_label": "",
                                                        "placeholder": " E-mail Address",
                                                        "width": "50",
                                                        "field_value": "",
                                                        "min_date": "",
                                                        "max_date": "",
                                                        "field_options": "",
                                                        "allow_multiple": "",
                                                        "select_size": "",
                                                        "inline_list": "",
                                                        "field_html": "",
                                                        "width_tablet": "",
                                                        "width_mobile": "",
                                                        "rows": 4,
                                                        "recaptcha_size": "normal",
                                                        "recaptcha_style": "light",
                                                        "css_classes": "",
                                                        "custom_id": "e70080f"
                                                    },
                                                    {
                                                        "_id": "a580e33",
                                                        "field_type": "text",
                                                        "required": "true",
                                                        "field_label": "",
                                                        "placeholder": "Phone",
                                                        "width": "50",
                                                        "field_value": "",
                                                        "min_date": "",
                                                        "max_date": "",
                                                        "field_options": "",
                                                        "allow_multiple": "",
                                                        "select_size": "",
                                                        "inline_list": "",
                                                        "field_html": "",
                                                        "width_tablet": "",
                                                        "width_mobile": "",
                                                        "rows": 4,
                                                        "recaptcha_size": "normal",
                                                        "recaptcha_style": "light",
                                                        "css_classes": "",
                                                        "custom_id": "a580e33"
                                                    },
                                                    {
                                                        "_id": "70146e9",
                                                        "field_type": "textarea",
                                                        "required": "true",
                                                        "field_label": "",
                                                        "placeholder": "Message",
                                                        "width": "100",
                                                        "field_value": "",
                                                        "min_date": "",
                                                        "max_date": "",
                                                        "field_options": "",
                                                        "allow_multiple": "",
                                                        "select_size": "",
                                                        "inline_list": "",
                                                        "field_html": "",
                                                        "width_tablet": "",
                                                        "width_mobile": "",
                                                        "rows": 4,
                                                        "recaptcha_size": "normal",
                                                        "recaptcha_style": "light",
                                                        "css_classes": "",
                                                        "custom_id": "70146e9"
                                                    }
                                                ],
                                                "input_size": "md",
                                                "button_text": "Submit Message",
                                                "button_size": "md",
                                                "button_width": "",
                                                "email_content": "[all-fields]",
                                                "email_content_2": "[all-fields]",
                                                "success_message": "The form was sent successfully.",
                                                "error_message": "An error occured.",
                                                "required_field_message": "This field is required.",
                                                "invalid_message": "There's something wrong. The form is invalid.",
                                                "row_gap": {
                                                    "unit": "px",
                                                    "size": 15
                                                },
                                                "field_text_color": "#637381",
                                                "field_typography_typography": "custom",
                                                "field_typography_font_family": "Hind",
                                                "field_typography_font_size": {
                                                    "unit": "px",
                                                    "size": 15
                                                },
                                                "field_typography_font_weight": "400",
                                                "field_typography_line_height": {
                                                    "unit": "px",
                                                    "size": 40
                                                },
                                                "field_typography_letter_spacing": {
                                                    "unit": "px",
                                                    "size": 0
                                                },
                                                "field_background_color": "rgba(99,115,129,0.06)",
                                                "field_border_color": "rgba(99,115,129,0.06)",
                                                "field_border_width": {
                                                    "unit": "px",
                                                    "top": "1",
                                                    "right": "1",
                                                    "bottom": "1",
                                                    "left": "1",
                                                    "isLinked": false
                                                },
                                                "field_border_radius": {
                                                    "unit": "px",
                                                    "top": "4",
                                                    "right": "4",
                                                    "bottom": "4",
                                                    "left": "4",
                                                    "isLinked": true
                                                },
                                                "button_background_color": "#384975",
                                                "button_text_color": "#ffffff",
                                                "button_typography_typography": "custom",
                                                "button_typography_font_family": "Karla",
                                                "button_typography_font_size": {
                                                    "unit": "px",
                                                    "size": 13
                                                },
                                                "button_typography_font_weight": "700",
                                                "button_typography_text_transform": "uppercase",
                                                "button_typography_line_height": {
                                                    "unit": "px",
                                                    "size": 24
                                                },
                                                "button_typography_letter_spacing": {
                                                    "unit": "px",
                                                    "size": 1.3
                                                },
                                                "button_border_radius": {
                                                    "unit": "px",
                                                    "top": "4",
                                                    "right": "4",
                                                    "bottom": "4",
                                                    "left": "4",
                                                    "isLinked": true
                                                },
                                                "button_background_hover_color": "rgba(22,32,47,0.89)",
                                                "button_hover_color": "#ffffff",
                                                "button_hover_animation": "float",
                                                "column_gap": {
                                                    "unit": "px",
                                                    "size": 15
                                                },
                                                "button_text_padding": {
                                                    "unit": "px",
                                                    "top": "17",
                                                    "right": "45",
                                                    "bottom": "17",
                                                    "left": "45",
                                                    "isLinked": false
                                                },
                                                "_padding": {
                                                    "unit": "px",
                                                    "top": "10",
                                                    "right": "0",
                                                    "bottom": "0",
                                                    "left": "0",
                                                    "isLinked": false
                                                }
                                            },
                                            "elements": [],
                                            "isInner": false,
                                            "widgetType": "form",
                                            "elType": "widget"
                                        }
                                    ],
                                    "isInner": true,
                                    "elType": "column"
                                }
                            ],
                            "isInner": true,
                            "elType": "section"
                        }
                    ],
                    "isInner": false,
                    "elType": "column"
                }
            ],
            "isInner": false,
            "elType": "section"
        },
        {
            "id": "6cc19acf",
            "settings": {
                "height": "min-height",
                "custom_height": {
                    "unit": "vh",
                    "size": 40,
                    "sizes": []
                },
                "column_position": "stretch",
                "background_background": "classic",
                "background_color": "#323c51",
                "background_position": "center center",
                "background_repeat": "no-repeat",
                "background_size": "cover",
                "background_overlay_background": "classic",
                "background_overlay_image": {
                    "url": "https:\/\/wp.envatoextensions.com\/kit-195\/wp-content\/uploads\/sites\/191\/2019\/10\/map-bw.jpg",
                    "id": 199
                },
                "background_overlay_position": "top center",
                "background_overlay_repeat": "repeat",
                "background_overlay_size": "cover",
                "background_overlay_opacity": {
                    "unit": "px",
                    "size": 0.80000000000000004
                },
                "css_filters_css_filter": "custom",
                "css_filters_brightness": {
                    "unit": "px",
                    "size": 60,
                    "sizes": []
                },
                "css_filters_contrast": {
                    "unit": "px",
                    "size": 117,
                    "sizes": []
                },
                "overlay_blend_mode": "overlay",
                "padding": {
                    "unit": "px",
                    "top": "60",
                    "right": "0",
                    "bottom": "100",
                    "left": "0",
                    "isLinked": false
                },
                "padding_mobile": {
                    "unit": "px",
                    "top": "60",
                    "right": "0",
                    "bottom": "60",
                    "left": "0",
                    "isLinked": false
                },
                "_element_id": "map"
            },
            "elements": [
                {
                    "id": "770ce88b",
                    "settings": {
                        "_column_size": 100,
                        "content_position": "center",
                        "space_between_widgets": 5
                    },
                    "elements": [
                        {
                            "id": "7336c31b",
                            "settings": {
                                "title": "location:",
                                "title_color": "#a9b5bc",
                                "typography_typography": "custom",
                                "typography_font_family": "Karla",
                                "typography_font_size": {
                                    "unit": "px",
                                    "size": 16
                                },
                                "typography_font_weight": "700",
                                "typography_text_transform": "uppercase",
                                "typography_letter_spacing": {
                                    "unit": "px",
                                    "size": 1.6000000000000001
                                },
                                "_margin": {
                                    "unit": "px",
                                    "top": "0",
                                    "right": "0",
                                    "bottom": "0",
                                    "left": "0",
                                    "isLinked": false
                                },
                                "_padding": {
                                    "unit": "em",
                                    "top": "0",
                                    "right": "0",
                                    "bottom": "0",
                                    "left": "1",
                                    "isLinked": false
                                },
                                "header_size": "h5",
                                "typography_line_height": {
                                    "unit": "px",
                                    "size": 26
                                },
                                "align_mobile": "left"
                            },
                            "elements": [],
                            "isInner": false,
                            "widgetType": "heading",
                            "elType": "widget"
                        },
                        {
                            "id": "19735688",
                            "settings": {
                                "weight": {
                                    "unit": "px",
                                    "size": 2,
                                    "sizes": []
                                },
                                "color": "#ffffff",
                                "width": {
                                    "unit": "%",
                                    "size": 29,
                                    "sizes": []
                                },
                                "width_tablet": {
                                    "unit": "%",
                                    "size": 60,
                                    "sizes": []
                                },
                                "align_tablet": "left",
                                "gap_tablet": {
                                    "unit": "px",
                                    "size": 2,
                                    "sizes": []
                                },
                                "_margin": {
                                    "unit": "px",
                                    "top": "-27",
                                    "right": "0",
                                    "bottom": "0",
                                    "left": "104",
                                    "isLinked": false
                                },
                                "_margin_tablet": {
                                    "unit": "px",
                                    "top": "-17",
                                    "right": "0",
                                    "bottom": "0",
                                    "left": "112",
                                    "isLinked": false
                                }
                            },
                            "elements": [],
                            "isInner": false,
                            "widgetType": "divider",
                            "elType": "widget"
                        },
                        {
                            "id": "65f982c6",
                            "settings": {
                                "editor": "<p>1408 Blocks Valley, Melbourne,\u00a0<br \/>QLD 2060,\u00a0Australia<\/p><p>(+61) 555-1408<br \/>info@ourdomain.com<\/p>",
                                "text_color": "#ffffff",
                                "typography_typography": "custom",
                                "typography_font_family": "Hind",
                                "typography_font_size": {
                                    "unit": "px",
                                    "size": 15
                                },
                                "typography_font_weight": "400",
                                "typography_line_height": {
                                    "unit": "px",
                                    "size": 26
                                },
                                "typography_letter_spacing": {
                                    "unit": "px",
                                    "size": 0
                                },
                                "align_mobile": "center",
                                "align": "left",
                                "_padding": {
                                    "unit": "em",
                                    "top": "1",
                                    "right": "1",
                                    "bottom": "1",
                                    "left": "1",
                                    "isLinked": true
                                },
                                "_padding_tablet": {
                                    "unit": "em",
                                    "top": "0",
                                    "right": "1",
                                    "bottom": "1",
                                    "left": "1",
                                    "isLinked": false
                                }
                            },
                            "elements": [],
                            "isInner": false,
                            "widgetType": "text-editor",
                            "elType": "widget"
                        }
                    ],
                    "isInner": false,
                    "elType": "column"
                }
            ],
            "isInner": false,
            "elType": "section"
        }
    ]
}