{
    "version": "0.4",
    "title": "Contact Me 1 &#8211; Pro",
    "type": "section",
    "metadata": {
        "template_type": "section",
        "elementor_pro_required": true,
        "wp_page_template": "default"
    },
    "content": [
        {
            "id": "67168e9a",
            "settings": {
                "custom_height": {
                    "unit": "vh",
                    "size": 50
                },
                "background_background": "classic",
                "background_position": "center center",
                "background_size": "cover",
                "background_overlay_background": "gradient",
                "background_overlay_color_b": "rgba(198,41,162,0.88)",
                "background_overlay_gradient_angle": {
                    "unit": "deg",
                    "size": 150
                },
                "background_overlay_opacity": {
                    "unit": "px",
                    "size": 0.69999999999999996
                },
                "layout": "full_width",
                "background_gradient_angle": {
                    "unit": "deg",
                    "size": 150
                },
                "background_repeat": "no-repeat",
                "background_overlay_color": "#8ace5c",
                "margin": {
                    "unit": "px",
                    "top": "",
                    "right": 0,
                    "bottom": "",
                    "left": 0,
                    "isLinked": true
                },
                "padding": {
                    "unit": "em",
                    "top": "0",
                    "right": "0",
                    "bottom": "0",
                    "left": "0",
                    "isLinked": false
                },
                "padding_tablet": {
                    "unit": "px",
                    "top": "80",
                    "right": "40",
                    "bottom": "80",
                    "left": "40",
                    "isLinked": false
                },
                "padding_mobile": {
                    "unit": "px",
                    "top": "40",
                    "right": "20",
                    "bottom": "40",
                    "left": "20",
                    "isLinked": false
                },
                "content_width": {
                    "unit": "px",
                    "size": 1200
                },
                "height": "min-height",
                "column_position": "stretch",
                "content_position": "middle",
                "background_color": "#ffffff",
                "css_filters_brightness": {
                    "unit": "px",
                    "size": 29
                },
                "css_filters_contrast": {
                    "unit": "px",
                    "size": 160
                },
                "css_filters_hue": {
                    "unit": "px",
                    "size": 246
                }
            },
            "elements": [
                {
                    "id": "1c4053ab",
                    "settings": {
                        "_column_size": 100,
                        "_inline_size": 42.296999999999997,
                        "content_position": "top",
                        "space_between_widgets": 0,
                        "margin": {
                            "unit": "%",
                            "top": "",
                            "right": "",
                            "bottom": "",
                            "left": "",
                            "isLinked": true
                        },
                        "padding": {
                            "unit": "em",
                            "top": "1",
                            "right": "1",
                            "bottom": "1",
                            "left": "1",
                            "isLinked": true
                        },
                        "padding_mobile": {
                            "unit": "px",
                            "top": "0",
                            "right": "0",
                            "bottom": "0",
                            "left": "0",
                            "isLinked": true
                        },
                        "background_background": "classic",
                        "background_image": {
                            "url": "https:\/\/wp.envatoextensions.com\/kit-85\/wp-content\/uploads\/sites\/100\/2018\/10\/testimonial-01.jpg",
                            "id": 24
                        },
                        "background_position": "initial",
                        "background_size": "cover",
                        "background_xpos": {
                            "unit": "%",
                            "size": 37
                        }
                    },
                    "elements": [
                        {
                            "id": "7c81da9f",
                            "settings": [],
                            "elements": [],
                            "isInner": false,
                            "widgetType": "spacer",
                            "elType": "widget"
                        }
                    ],
                    "isInner": false,
                    "elType": "column"
                },
                {
                    "id": "1bacd4d3",
                    "settings": {
                        "_column_size": 100,
                        "_inline_size": 57.703000000000003,
                        "padding_tablet": {
                            "unit": "px",
                            "top": "40",
                            "right": "40",
                            "bottom": "40",
                            "left": "40",
                            "isLinked": true
                        },
                        "padding_mobile": {
                            "unit": "px",
                            "top": "40",
                            "right": "20",
                            "bottom": "40",
                            "left": "20",
                            "isLinked": false
                        },
                        "margin": {
                            "unit": "px",
                            "top": "",
                            "right": 0,
                            "bottom": "",
                            "left": 0,
                            "isLinked": true
                        },
                        "padding": {
                            "unit": "em",
                            "top": "4",
                            "right": "0",
                            "bottom": "4",
                            "left": "0",
                            "isLinked": false
                        },
                        "background_background": "classic",
                        "background_color": "#ffffff",
                        "background_gradient_angle": {
                            "unit": "deg",
                            "size": 150
                        },
                        "background_image": {
                            "url": "https:\/\/wp.envatoextensions.com\/kit-85\/wp-content\/uploads\/sites\/100\/2018\/10\/video-sec-bg.png",
                            "id": 1040
                        },
                        "background_position": "top left",
                        "background_overlay_background": "gradient",
                        "background_overlay_color": "rgba(53,238,255,0.86)",
                        "background_overlay_color_b": "rgba(198,41,162,0.88)",
                        "background_overlay_gradient_angle": {
                            "unit": "deg",
                            "size": 200
                        },
                        "background_overlay_opacity": {
                            "unit": "px",
                            "size": 0.84999999999999998
                        },
                        "overlay_blend_mode": "color"
                    },
                    "elements": [
                        {
                            "id": "2905b15a",
                            "settings": {
                                "padding": {
                                    "unit": "em",
                                    "top": "0",
                                    "right": "1",
                                    "bottom": "0",
                                    "left": "1",
                                    "isLinked": false
                                },
                                "padding_tablet": {
                                    "unit": "px",
                                    "top": "0",
                                    "right": "0",
                                    "bottom": "0",
                                    "left": "0",
                                    "isLinked": true
                                },
                                "padding_mobile": {
                                    "unit": "px",
                                    "top": "0",
                                    "right": "0",
                                    "bottom": "0",
                                    "left": "0",
                                    "isLinked": true
                                },
                                "layout": "full_width",
                                "margin": {
                                    "unit": "px",
                                    "top": "0",
                                    "right": 0,
                                    "bottom": "0",
                                    "left": 0,
                                    "isLinked": true
                                }
                            },
                            "elements": [
                                {
                                    "id": "d58c6bd",
                                    "settings": {
                                        "_column_size": 100,
                                        "_inline_size": null,
                                        "background_color": "#ffffff",
                                        "box_shadow_box_shadow": {
                                            "horizontal": 0,
                                            "vertical": 0,
                                            "blur": 60,
                                            "spread": 0,
                                            "color": "rgba(0,0,0,0.2)"
                                        },
                                        "margin": {
                                            "unit": "%",
                                            "top": "0",
                                            "right": "0",
                                            "bottom": "0",
                                            "left": "0",
                                            "isLinked": true
                                        },
                                        "padding": {
                                            "unit": "em",
                                            "top": "4",
                                            "right": "4",
                                            "bottom": "4",
                                            "left": "4",
                                            "isLinked": true
                                        },
                                        "padding_mobile": {
                                            "unit": "px",
                                            "top": "40",
                                            "right": "20",
                                            "bottom": "40",
                                            "left": "20",
                                            "isLinked": false
                                        },
                                        "padding_tablet": {
                                            "unit": "px",
                                            "top": "60",
                                            "right": "40",
                                            "bottom": "60",
                                            "left": "40",
                                            "isLinked": false
                                        },
                                        "z_index": 0
                                    },
                                    "elements": [
                                        {
                                            "id": "3d68c077",
                                            "settings": {
                                                "editor": "<p>Contact Me for a free consulation<\/p>",
                                                "align": "center",
                                                "typography_typography": "custom",
                                                "typography_font_family": "Poppins",
                                                "typography_font_size": {
                                                    "unit": "rem",
                                                    "size": 1.1000000000000001
                                                },
                                                "typography_font_weight": "400",
                                                "_animation": "fadeInDown",
                                                "animation_duration": "fast",
                                                "typography_font_size_tablet": {
                                                    "unit": "px",
                                                    "size": 20
                                                },
                                                "typography_letter_spacing": {
                                                    "unit": "px",
                                                    "size": -0.5
                                                }
                                            },
                                            "elements": [],
                                            "isInner": false,
                                            "widgetType": "text-editor",
                                            "elType": "widget"
                                        },
                                        {
                                            "id": "64ef28df",
                                            "settings": {
                                                "title": "Reach out for <strong>your<\/strong> happiness",
                                                "align": "center",
                                                "title_color": "#000000",
                                                "typography_typography": "custom",
                                                "typography_font_family": "Cormorant Garamond",
                                                "typography_font_size": {
                                                    "unit": "px",
                                                    "size": 70
                                                },
                                                "typography_font_size_tablet": {
                                                    "unit": "px",
                                                    "size": 60
                                                },
                                                "typography_font_size_mobile": {
                                                    "unit": "px",
                                                    "size": 56
                                                },
                                                "typography_font_weight": "normal",
                                                "typography_line_height": {
                                                    "unit": "em",
                                                    "size": 0.80000000000000004
                                                },
                                                "typography_letter_spacing": {
                                                    "unit": "px",
                                                    "size": -3
                                                },
                                                "_animation": "fadeInDown",
                                                "animation_duration": "fast",
                                                "_margin": {
                                                    "unit": "%",
                                                    "top": "",
                                                    "right": "",
                                                    "bottom": "",
                                                    "left": "",
                                                    "isLinked": true
                                                },
                                                "_padding": {
                                                    "unit": "px",
                                                    "top": "0",
                                                    "right": "0",
                                                    "bottom": "20",
                                                    "left": "0",
                                                    "isLinked": false
                                                },
                                                "typography_text_transform": "capitalize"
                                            },
                                            "elements": [],
                                            "isInner": false,
                                            "widgetType": "heading",
                                            "elType": "widget"
                                        },
                                        {
                                            "id": "1379f9ae",
                                            "settings": {
                                                "form_name": "New Form",
                                                "form_fields": [
                                                    {
                                                        "_id": "name",
                                                        "field_type": "text",
                                                        "field_label": "",
                                                        "placeholder": "Your Name",
                                                        "width": "50",
                                                        "field_value": "",
                                                        "required": "",
                                                        "min_date": "",
                                                        "max_date": "",
                                                        "field_options": "",
                                                        "allow_multiple": "",
                                                        "select_size": "",
                                                        "inline_list": "",
                                                        "field_html": "",
                                                        "width_tablet": "",
                                                        "width_mobile": "",
                                                        "rows": 4,
                                                        "recaptcha_size": "normal",
                                                        "recaptcha_style": "light",
                                                        "css_classes": "",
                                                        "custom_id": "name"
                                                    },
                                                    {
                                                        "_id": "email",
                                                        "field_type": "email",
                                                        "required": "true",
                                                        "field_label": "",
                                                        "placeholder": "Your Email",
                                                        "width": "50",
                                                        "field_value": "",
                                                        "min_date": "",
                                                        "max_date": "",
                                                        "field_options": "",
                                                        "allow_multiple": "",
                                                        "select_size": "",
                                                        "inline_list": "",
                                                        "field_html": "",
                                                        "width_tablet": "",
                                                        "width_mobile": "",
                                                        "rows": 4,
                                                        "recaptcha_size": "normal",
                                                        "recaptcha_style": "light",
                                                        "css_classes": "",
                                                        "custom_id": "email"
                                                    },
                                                    {
                                                        "field_type": "tel",
                                                        "field_label": "",
                                                        "field_value": "",
                                                        "placeholder": "Phone Number",
                                                        "required": "",
                                                        "min_date": "",
                                                        "max_date": "",
                                                        "field_options": "",
                                                        "allow_multiple": "",
                                                        "select_size": "",
                                                        "inline_list": "",
                                                        "field_html": "",
                                                        "width": "50",
                                                        "width_tablet": "",
                                                        "width_mobile": "",
                                                        "rows": 4,
                                                        "recaptcha_size": "normal",
                                                        "recaptcha_style": "light",
                                                        "css_classes": "",
                                                        "_id": "bfad17e",
                                                        "custom_id": "bfad17e"
                                                    },
                                                    {
                                                        "field_type": "text",
                                                        "field_label": "",
                                                        "field_value": "",
                                                        "placeholder": "Your Location",
                                                        "required": "true",
                                                        "min_date": "",
                                                        "max_date": "",
                                                        "field_options": "",
                                                        "allow_multiple": "",
                                                        "select_size": "",
                                                        "inline_list": "",
                                                        "field_html": "",
                                                        "width": "50",
                                                        "width_tablet": "",
                                                        "width_mobile": "",
                                                        "rows": 4,
                                                        "recaptcha_size": "normal",
                                                        "recaptcha_style": "light",
                                                        "css_classes": "",
                                                        "_id": "b1de8a5",
                                                        "custom_id": "b1de8a5"
                                                    },
                                                    {
                                                        "field_type": "date",
                                                        "field_label": "",
                                                        "field_value": "",
                                                        "placeholder": "What day is best for you?",
                                                        "required": "",
                                                        "min_date": "",
                                                        "max_date": "",
                                                        "field_options": "",
                                                        "allow_multiple": "",
                                                        "select_size": "",
                                                        "inline_list": "",
                                                        "field_html": "",
                                                        "width": "50",
                                                        "width_tablet": "",
                                                        "width_mobile": "",
                                                        "rows": 4,
                                                        "recaptcha_size": "normal",
                                                        "recaptcha_style": "light",
                                                        "css_classes": "",
                                                        "_id": "ab9fa6b",
                                                        "custom_id": "ab9fa6b"
                                                    },
                                                    {
                                                        "field_type": "time",
                                                        "field_label": "",
                                                        "field_value": "",
                                                        "placeholder": "What Time?",
                                                        "required": "",
                                                        "min_date": "",
                                                        "max_date": "",
                                                        "field_options": "",
                                                        "allow_multiple": "",
                                                        "select_size": "",
                                                        "inline_list": "",
                                                        "field_html": "",
                                                        "width": "50",
                                                        "width_tablet": "",
                                                        "width_mobile": "",
                                                        "rows": 4,
                                                        "recaptcha_size": "normal",
                                                        "recaptcha_style": "light",
                                                        "css_classes": "",
                                                        "_id": "bbfbe7d",
                                                        "custom_id": "bbfbe7d"
                                                    },
                                                    {
                                                        "field_type": "select",
                                                        "field_label": "Your Coaching Needs:",
                                                        "field_value": "",
                                                        "placeholder": "",
                                                        "required": "true",
                                                        "min_date": "",
                                                        "max_date": "",
                                                        "field_options": "Relationships\nGoal Setting\nConfidence Boosting\nPublic Speaking\nCareer\nOrganization\n",
                                                        "allow_multiple": "true",
                                                        "select_size": 4,
                                                        "inline_list": "elementor-subgroup-inline",
                                                        "field_html": "",
                                                        "width": "100",
                                                        "width_tablet": "",
                                                        "width_mobile": "",
                                                        "rows": 4,
                                                        "recaptcha_size": "normal",
                                                        "recaptcha_style": "light",
                                                        "css_classes": "",
                                                        "_id": "f1ba5c6",
                                                        "custom_id": "f1ba5c6"
                                                    },
                                                    {
                                                        "_id": "message",
                                                        "field_type": "textarea",
                                                        "field_label": "",
                                                        "placeholder": "Introduce yourself",
                                                        "width": "100",
                                                        "field_value": "",
                                                        "required": "",
                                                        "min_date": "",
                                                        "max_date": "",
                                                        "field_options": "",
                                                        "allow_multiple": "",
                                                        "select_size": "",
                                                        "inline_list": "",
                                                        "field_html": "",
                                                        "width_tablet": "",
                                                        "width_mobile": "",
                                                        "rows": 4,
                                                        "recaptcha_size": "normal",
                                                        "recaptcha_style": "light",
                                                        "css_classes": "",
                                                        "custom_id": "message"
                                                    }
                                                ],
                                                "button_text": "Request More Info",
                                                "email_content": "[all-fields]",
                                                "email_content_2": "[all-fields]",
                                                "success_message": "The form was sent successfully.",
                                                "error_message": "An error occured.",
                                                "required_field_message": "This field is required.",
                                                "invalid_message": "There's something wrong. The form is invalid.",
                                                "row_gap": {
                                                    "unit": "px",
                                                    "size": 18
                                                },
                                                "label_color": "#000000",
                                                "label_typography_typography": "custom",
                                                "label_typography_font_family": "Poppins",
                                                "label_typography_font_size": {
                                                    "unit": "px",
                                                    "size": 13
                                                },
                                                "field_text_color": "#000000",
                                                "field_typography_typography": "custom",
                                                "field_typography_font_family": "Poppins",
                                                "field_typography_font_size": {
                                                    "unit": "px",
                                                    "size": 14
                                                },
                                                "field_background_color": "rgba(244,244,244,0.61)",
                                                "button_background_color": "#000000",
                                                "button_typography_typography": "custom",
                                                "button_typography_font_family": "Poppins",
                                                "button_typography_font_size": {
                                                    "unit": "px",
                                                    "size": 14
                                                },
                                                "button_typography_text_transform": "uppercase",
                                                "button_border_radius": {
                                                    "unit": "px",
                                                    "top": "60",
                                                    "right": "60",
                                                    "bottom": "60",
                                                    "left": "60",
                                                    "isLinked": true
                                                },
                                                "column_gap": {
                                                    "unit": "px",
                                                    "size": 14
                                                },
                                                "label_spacing": {
                                                    "unit": "px",
                                                    "size": 19
                                                },
                                                "label_typography_text_transform": "uppercase",
                                                "field_border_width": {
                                                    "unit": "px",
                                                    "top": "0",
                                                    "right": "0",
                                                    "bottom": "0",
                                                    "left": "0",
                                                    "isLinked": true
                                                },
                                                "field_border_radius": {
                                                    "unit": "px",
                                                    "top": "20",
                                                    "right": "20",
                                                    "bottom": "20",
                                                    "left": "20",
                                                    "isLinked": true
                                                },
                                                "button_text_color": "#ffffff",
                                                "button_typography_font_weight": "600",
                                                "button_text_padding": {
                                                    "unit": "px",
                                                    "top": "20",
                                                    "right": "25",
                                                    "bottom": "20",
                                                    "left": "25",
                                                    "isLinked": false
                                                },
                                                "button_hover_animation": "float",
                                                "_padding": {
                                                    "unit": "em",
                                                    "top": "1",
                                                    "right": "0",
                                                    "bottom": "0",
                                                    "left": "0",
                                                    "isLinked": false
                                                },
                                                "_css_classes": "envato-kit-85-booking"
                                            },
                                            "elements": [],
                                            "isInner": false,
                                            "widgetType": "form",
                                            "elType": "widget"
                                        }
                                    ],
                                    "isInner": true,
                                    "elType": "column"
                                }
                            ],
                            "isInner": true,
                            "elType": "section"
                        },
                        {
                            "id": "5036b4cb",
                            "settings": {
                                "padding": {
                                    "unit": "em",
                                    "top": "2",
                                    "right": "1",
                                    "bottom": "0",
                                    "left": "1",
                                    "isLinked": false
                                },
                                "padding_tablet": {
                                    "unit": "px",
                                    "top": "0",
                                    "right": "0",
                                    "bottom": "0",
                                    "left": "0",
                                    "isLinked": true
                                },
                                "layout": "full_width",
                                "gap": "extended",
                                "structure": "20",
                                "margin": {
                                    "unit": "px",
                                    "top": "0",
                                    "right": 0,
                                    "bottom": "0",
                                    "left": 0,
                                    "isLinked": true
                                },
                                "padding_mobile": {
                                    "unit": "px",
                                    "top": "0",
                                    "right": "0",
                                    "bottom": "0",
                                    "left": "0",
                                    "isLinked": true
                                }
                            },
                            "elements": [
                                {
                                    "id": "2bc703d7",
                                    "settings": {
                                        "_column_size": 50,
                                        "_inline_size": null,
                                        "background_color": "#ffffff",
                                        "box_shadow_box_shadow": {
                                            "horizontal": 0,
                                            "vertical": 0,
                                            "blur": 60,
                                            "spread": 0,
                                            "color": "rgba(0,0,0,0.2)"
                                        },
                                        "margin": {
                                            "unit": "%",
                                            "top": "0",
                                            "right": "6",
                                            "bottom": "0",
                                            "left": "0",
                                            "isLinked": false
                                        },
                                        "padding": {
                                            "unit": "em",
                                            "top": "3",
                                            "right": "3",
                                            "bottom": "3",
                                            "left": "3",
                                            "isLinked": true
                                        },
                                        "padding_mobile": {
                                            "unit": "px",
                                            "top": "40",
                                            "right": "20",
                                            "bottom": "40",
                                            "left": "20",
                                            "isLinked": false
                                        },
                                        "padding_tablet": {
                                            "unit": "em",
                                            "top": "2",
                                            "right": "2",
                                            "bottom": "2",
                                            "left": "2",
                                            "isLinked": true
                                        },
                                        "z_index": 0,
                                        "margin_tablet": {
                                            "unit": "px",
                                            "top": "0",
                                            "right": "0",
                                            "bottom": "0",
                                            "left": "0",
                                            "isLinked": true
                                        }
                                    },
                                    "elements": [
                                        {
                                            "id": "153ad8a3",
                                            "settings": {
                                                "price_list": [
                                                    {
                                                        "title": "First FREE Session",
                                                        "item_description": "That's right! To start, you don't need to pay anything - see for yourself is it worth it",
                                                        "price": "FREE",
                                                        "link": {
                                                            "url": "#"
                                                        },
                                                        "_id": "7a88e7d",
                                                        "image": {
                                                            "url": "",
                                                            "id": ""
                                                        }
                                                    },
                                                    {
                                                        "title": "General life coaching",
                                                        "item_description": "Learn how to organize your life and optimize your energy. Minimal weekly 15 hours for results.",
                                                        "price": "$38\/hour",
                                                        "link": {
                                                            "url": "#"
                                                        },
                                                        "_id": "8870256",
                                                        "image": {
                                                            "url": "",
                                                            "id": ""
                                                        }
                                                    },
                                                    {
                                                        "title": "Advanced Coaching",
                                                        "item_description": "Includes meditation techniques, autogene training - once your learn this, you won't need any coaching, including this one.",
                                                        "price": "$58\/hour",
                                                        "link": {
                                                            "url": "#"
                                                        },
                                                        "_id": "aa7fed2",
                                                        "image": {
                                                            "url": "",
                                                            "id": ""
                                                        }
                                                    }
                                                ],
                                                "heading_typography_typography": "custom",
                                                "heading_typography_font_family": "Poppins",
                                                "heading_typography_font_size": {
                                                    "unit": "px",
                                                    "size": 15
                                                },
                                                "heading_typography_font_weight": "500",
                                                "description_typography_typography": "custom",
                                                "description_typography_font_family": "Poppins",
                                                "description_typography_font_size": {
                                                    "unit": "px",
                                                    "size": 13
                                                },
                                                "description_typography_line_height": {
                                                    "unit": "em",
                                                    "size": 1.6000000000000001
                                                },
                                                "separator_color": "#8bce5f",
                                                "price_typography_typography": "custom",
                                                "price_typography_font_family": "Poppins",
                                                "price_typography_font_size": {
                                                    "unit": "px",
                                                    "size": 15
                                                },
                                                "price_typography_font_weight": "500"
                                            },
                                            "elements": [],
                                            "isInner": false,
                                            "widgetType": "price-list",
                                            "elType": "widget"
                                        },
                                        {
                                            "id": "116bdc95",
                                            "settings": {
                                                "price_list": [
                                                    {
                                                        "title": "Whole family online program",
                                                        "item_description": "6 weeks for the biggest challenge in parenting a teen is finding that balance between being there for them and pulling back.",
                                                        "price": "$2000",
                                                        "link": {
                                                            "url": "#"
                                                        },
                                                        "_id": "64f1efa",
                                                        "image": {
                                                            "url": "",
                                                            "id": ""
                                                        }
                                                    },
                                                    {
                                                        "title": "Parent + teen on demand",
                                                        "item_description": "I am item content. Click edit button to change this text. Lorem ipsum dolor sit amet, consectetur adipiscing elit.",
                                                        "price": "$90",
                                                        "link": {
                                                            "url": "#"
                                                        },
                                                        "_id": "92cdc54",
                                                        "image": {
                                                            "url": "",
                                                            "id": ""
                                                        }
                                                    }
                                                ],
                                                "heading_typography_typography": "custom",
                                                "heading_typography_font_family": "Poppins",
                                                "heading_typography_font_size": {
                                                    "unit": "px",
                                                    "size": 15
                                                },
                                                "description_typography_typography": "custom",
                                                "description_typography_font_family": "Poppins",
                                                "description_typography_font_size": {
                                                    "unit": "px",
                                                    "size": 13
                                                },
                                                "separator_color": "#8bce5f",
                                                "heading_typography_font_weight": "500",
                                                "description_typography_line_height": {
                                                    "unit": "em",
                                                    "size": 1.6000000000000001
                                                },
                                                "price_typography_typography": "custom",
                                                "price_typography_font_family": "Poppins",
                                                "price_typography_font_size": {
                                                    "unit": "px",
                                                    "size": 15
                                                },
                                                "price_typography_font_weight": "500"
                                            },
                                            "elements": [],
                                            "isInner": false,
                                            "widgetType": "price-list",
                                            "elType": "widget"
                                        }
                                    ],
                                    "isInner": true,
                                    "elType": "column"
                                },
                                {
                                    "id": "5c344c9f",
                                    "settings": {
                                        "_column_size": 50,
                                        "_inline_size": null,
                                        "background_background": "classic",
                                        "background_color": "rgba(255,255,255,0.84)",
                                        "box_shadow_box_shadow": {
                                            "horizontal": 0,
                                            "vertical": 0,
                                            "blur": 70,
                                            "spread": 0,
                                            "color": "rgba(0,0,0,0.15)"
                                        },
                                        "margin": {
                                            "unit": "%",
                                            "top": "0",
                                            "right": "0",
                                            "bottom": "0",
                                            "left": "0",
                                            "isLinked": false
                                        },
                                        "padding": {
                                            "unit": "em",
                                            "top": "2",
                                            "right": "2",
                                            "bottom": "2",
                                            "left": "2",
                                            "isLinked": false
                                        },
                                        "padding_mobile": {
                                            "unit": "%",
                                            "top": "10",
                                            "right": "10",
                                            "bottom": "10",
                                            "left": "10",
                                            "isLinked": true
                                        },
                                        "z_index": 1,
                                        "content_position": "center",
                                        "background_position": "top center",
                                        "background_repeat": "no-repeat",
                                        "background_size": "contain",
                                        "background_overlay_color": "#ffffff",
                                        "background_overlay_opacity": {
                                            "unit": "px",
                                            "size": 0.79000000000000004
                                        },
                                        "margin_tablet": {
                                            "unit": "%",
                                            "top": "50",
                                            "right": "0",
                                            "bottom": "0",
                                            "left": "0",
                                            "isLinked": false
                                        },
                                        "margin_mobile": {
                                            "unit": "px",
                                            "top": "0",
                                            "right": "0",
                                            "bottom": "0",
                                            "left": "0",
                                            "isLinked": true
                                        },
                                        "animation": "fadeIn",
                                        "animation_delay": 300
                                    },
                                    "elements": [
                                        {
                                            "id": "519b7f5c",
                                            "settings": {
                                                "title": "<small>Do You <b>Need<\/b><\/small><br>Coaching?",
                                                "align": "center",
                                                "title_color": "#000000",
                                                "typography_typography": "custom",
                                                "typography_font_family": "Cormorant Garamond",
                                                "typography_font_size": {
                                                    "unit": "px",
                                                    "size": 74
                                                },
                                                "typography_font_size_tablet": {
                                                    "unit": "px",
                                                    "size": 60
                                                },
                                                "typography_font_size_mobile": {
                                                    "unit": "px",
                                                    "size": 56
                                                },
                                                "typography_font_weight": "normal",
                                                "typography_line_height": {
                                                    "unit": "em",
                                                    "size": 0.69999999999999996
                                                },
                                                "typography_letter_spacing": {
                                                    "unit": "px",
                                                    "size": -3
                                                },
                                                "_animation": "fadeInDown",
                                                "animation_duration": "fast",
                                                "_padding": {
                                                    "unit": "px",
                                                    "top": "0",
                                                    "right": "0",
                                                    "bottom": "20",
                                                    "left": "0",
                                                    "isLinked": false
                                                }
                                            },
                                            "elements": [],
                                            "isInner": false,
                                            "widgetType": "heading",
                                            "elType": "widget"
                                        },
                                        {
                                            "id": "4333a598",
                                            "settings": {
                                                "slides": [
                                                    {
                                                        "content": "\"For so long I have yearned to take that which I intellectually understood, to reach me on deepest level. It has literally shifted my perspective on life and how I approach it and t has enabled me to approach my challenges with a new sense of confidence and faith.\"",
                                                        "name": "Christine Masdammer",
                                                        "title": "Marketing Expert",
                                                        "image": {
                                                            "url": "https:\/\/wp.envatoextensions.com\/kit-85\/wp-content\/uploads\/sites\/100\/2018\/10\/she-coach.jpg",
                                                            "id": 214
                                                        },
                                                        "_id": "b4ba490"
                                                    },
                                                    {
                                                        "content": "\"First, I just want to say thank you! Of all of the programs and seminars that I have done (and there have been a lot), Joanna's guidance is hands down the one that has made the biggest impact in my life. It has been life changing, for the best, of course. Thank you, Joanna.\"",
                                                        "name": "Maria Belafonte",
                                                        "title": "Medical Technician",
                                                        "image": {
                                                            "url": "https:\/\/wp.envatoextensions.com\/kit-85\/wp-content\/uploads\/sites\/100\/2018\/10\/testimonial-02.jpg",
                                                            "id": 28
                                                        },
                                                        "_id": "a3f51e8"
                                                    }
                                                ],
                                                "content_typography_typography": "custom",
                                                "content_typography_font_family": "Poppins",
                                                "content_typography_font_size": {
                                                    "unit": "px",
                                                    "size": 11
                                                },
                                                "content_typography_font_style": "normal",
                                                "name_color": "#7a7a7a",
                                                "name_typography_typography": "custom",
                                                "name_typography_font_family": "Poppins",
                                                "name_typography_font_size": {
                                                    "unit": "px",
                                                    "size": 16
                                                },
                                                "name_typography_text_transform": "uppercase",
                                                "title_color": "#7f7f7f",
                                                "title_typography_typography": "custom",
                                                "title_typography_font_family": "Poppins",
                                                "title_typography_font_size": {
                                                    "unit": "px",
                                                    "size": 13
                                                },
                                                "slides_per_view_tablet": "1",
                                                "slides_per_view_mobile": "1",
                                                "width_mobile": {
                                                    "unit": "%",
                                                    "size": ""
                                                },
                                                "width": {
                                                    "unit": "%",
                                                    "size": 100
                                                }
                                            },
                                            "elements": [],
                                            "isInner": false,
                                            "widgetType": "testimonial-carousel",
                                            "elType": "widget"
                                        }
                                    ],
                                    "isInner": true,
                                    "elType": "column"
                                }
                            ],
                            "isInner": true,
                            "elType": "section"
                        }
                    ],
                    "isInner": false,
                    "elType": "column"
                }
            ],
            "isInner": false,
            "elType": "section"
        }
    ]
}