{
    "version": "0.4",
    "title": "Contact Me 2",
    "type": "section",
    "metadata": {
        "template_type": "section",
        "elementor_pro_required": false,
        "wp_page_template": "default"
    },
    "content": [
        {
            "id": "4a7206f8",
            "settings": {
                "background_background": "classic",
                "background_image": {
                    "url": "https:\/\/wp.envatoextensions.com\/kit-85\/wp-content\/uploads\/sites\/100\/2018\/10\/natalya-zaritskaya-144626.jpg",
                    "id": 206
                },
                "background_position": "center center",
                "background_size": "cover",
                "background_repeat": "no-repeat",
                "background_overlay_background": "gradient",
                "background_overlay_color": "#d0f4ab",
                "background_overlay_color_b": "rgba(40,0,102,0.88)",
                "padding": {
                    "unit": "em",
                    "top": "4",
                    "right": "4",
                    "bottom": "4",
                    "left": "4",
                    "isLinked": true
                },
                "animation": "fadeIn",
                "height": "min-height",
                "custom_height": {
                    "unit": "vh",
                    "size": 50
                },
                "background_overlay_gradient_angle": {
                    "unit": "deg",
                    "size": 300
                },
                "background_overlay_opacity": {
                    "unit": "px",
                    "size": 0.69999999999999996
                },
                "background_color": "#ffffff",
                "background_gradient_angle": {
                    "unit": "deg",
                    "size": 150
                },
                "overlay_blend_mode": "lighten",
                "background_overlay_hover_color": "rgba(0,0,0,0.84)",
                "background_overlay_hover_color_b": "rgba(0,0,0,0.6)",
                "background_overlay_hover_opacity": {
                    "unit": "px",
                    "size": 0.80000000000000004
                },
                "css_filters_hover_brightness": {
                    "unit": "px",
                    "size": 56
                },
                "background_overlay_hover_transition": {
                    "unit": "px",
                    "size": 0.59999999999999998
                },
                "padding_tablet": {
                    "unit": "em",
                    "top": "",
                    "right": "",
                    "bottom": "",
                    "left": "",
                    "isLinked": true
                },
                "animation_duration": "fast",
                "reverse_order_mobile": "reverse-mobile"
            },
            "elements": [
                {
                    "id": "7af15127",
                    "settings": {
                        "_column_size": 100,
                        "_inline_size": null,
                        "content_position": "center",
                        "background_background": "classic",
                        "background_color": "rgba(255,255,255,0.84)",
                        "background_position": "top center",
                        "background_repeat": "no-repeat",
                        "background_size": "contain",
                        "background_overlay_color": "#ffffff",
                        "background_overlay_opacity": {
                            "unit": "px",
                            "size": 0.79000000000000004
                        },
                        "box_shadow_box_shadow": {
                            "horizontal": 0,
                            "vertical": 0,
                            "blur": 70,
                            "spread": 0,
                            "color": "rgba(0,0,0,0.15)"
                        },
                        "margin": {
                            "unit": "%",
                            "top": "0",
                            "right": "0",
                            "bottom": "0",
                            "left": "0",
                            "isLinked": false
                        },
                        "margin_tablet": {
                            "unit": "%",
                            "top": "50",
                            "right": "0",
                            "bottom": "0",
                            "left": "0",
                            "isLinked": false
                        },
                        "margin_mobile": {
                            "unit": "px",
                            "top": "0",
                            "right": "0",
                            "bottom": "0",
                            "left": "0",
                            "isLinked": true
                        },
                        "padding": {
                            "unit": "em",
                            "top": "2",
                            "right": "2",
                            "bottom": "2",
                            "left": "2",
                            "isLinked": false
                        },
                        "padding_mobile": {
                            "unit": "%",
                            "top": "10",
                            "right": "10",
                            "bottom": "10",
                            "left": "10",
                            "isLinked": true
                        },
                        "z_index": 1,
                        "animation": "fadeIn",
                        "animation_delay": 300
                    },
                    "elements": [
                        {
                            "id": "5f12d7bc",
                            "settings": {
                                "title": "Hi there, I'm",
                                "align": "center",
                                "title_color": "rgba(0,0,0,0.73)",
                                "typography_typography": "custom",
                                "typography_font_family": "Cormorant Garamond",
                                "typography_font_size": {
                                    "unit": "px",
                                    "size": 34
                                },
                                "typography_font_size_tablet": {
                                    "unit": "px",
                                    "size": 28
                                },
                                "typography_font_weight": "normal",
                                "typography_line_height": {
                                    "unit": "em",
                                    "size": 1.2
                                },
                                "typography_letter_spacing": {
                                    "unit": "px",
                                    "size": -3
                                },
                                "_animation": "fadeInUp",
                                "animation_duration": "fast",
                                "header_size": "span",
                                "typography_letter_spacing_tablet": {
                                    "unit": "px",
                                    "size": -0.5
                                },
                                "_z_index": 1,
                                "_animation_delay": 200,
                                "typography_font_style": "oblique"
                            },
                            "elements": [],
                            "isInner": false,
                            "widgetType": "heading",
                            "elType": "widget"
                        },
                        {
                            "id": "52c2aed4",
                            "settings": {
                                "title": "Brad Lee Cooper",
                                "align": "center",
                                "title_color": "#000000",
                                "typography_typography": "custom",
                                "typography_font_family": "Cormorant Garamond",
                                "typography_font_size": {
                                    "unit": "px",
                                    "size": 72
                                },
                                "typography_font_size_tablet": {
                                    "unit": "px",
                                    "size": 50
                                },
                                "typography_font_size_mobile": {
                                    "unit": "px",
                                    "size": 46
                                },
                                "typography_font_weight": "normal",
                                "typography_line_height": {
                                    "unit": "em",
                                    "size": 0.80000000000000004
                                },
                                "typography_letter_spacing": {
                                    "unit": "px",
                                    "size": -4.7000000000000002
                                },
                                "_animation": "fadeInUp",
                                "animation_duration": "fast",
                                "typography_font_style": "oblique",
                                "typography_line_height_mobile": {
                                    "unit": "em",
                                    "size": 1.2
                                }
                            },
                            "elements": [],
                            "isInner": false,
                            "widgetType": "heading",
                            "elType": "widget"
                        },
                        {
                            "id": "14ab0610",
                            "settings": {
                                "editor": "<p>Life\u00a0 Coach<\/p>",
                                "align": "center",
                                "text_color": "rgba(0,0,0,0.76)",
                                "typography_typography": "custom",
                                "typography_font_family": "Poppins",
                                "typography_font_size": {
                                    "unit": "px",
                                    "size": 16
                                },
                                "typography_font_weight": "500",
                                "typography_line_height": {
                                    "unit": "em",
                                    "size": 1.6000000000000001
                                },
                                "_margin": {
                                    "unit": "px",
                                    "top": "-12",
                                    "right": "0",
                                    "bottom": "0",
                                    "left": "0",
                                    "isLinked": false
                                },
                                "_padding": {
                                    "unit": "px",
                                    "top": "0",
                                    "right": "0",
                                    "bottom": "0",
                                    "left": "0",
                                    "isLinked": true
                                },
                                "_padding_mobile": {
                                    "unit": "px",
                                    "top": "0",
                                    "right": "0",
                                    "bottom": "0",
                                    "left": "0",
                                    "isLinked": true
                                },
                                "align_mobile": "center",
                                "_animation": "fadeInDown",
                                "animation_duration": "fast",
                                "typography_text_transform": "uppercase",
                                "typography_letter_spacing": {
                                    "unit": "px",
                                    "size": 2.1000000000000001
                                }
                            },
                            "elements": [],
                            "isInner": false,
                            "widgetType": "text-editor",
                            "elType": "widget"
                        },
                        {
                            "id": "117e2d6d",
                            "settings": {
                                "gap": "no",
                                "animation": "fadeInUp",
                                "animation_duration": "fast",
                                "animation_delay": 500,
                                "content_width": {
                                    "unit": "px",
                                    "size": 589
                                }
                            },
                            "elements": [
                                {
                                    "id": "534b956e",
                                    "settings": {
                                        "_column_size": 100,
                                        "_inline_size": null,
                                        "space_between_widgets": 0,
                                        "padding": {
                                            "unit": "px",
                                            "top": "20",
                                            "right": "0",
                                            "bottom": "0",
                                            "left": "0",
                                            "isLinked": false
                                        }
                                    },
                                    "elements": [
                                        {
                                            "id": "34e7309d",
                                            "settings": {
                                                "editor": "<p>NY-based Life Coach Brad is well-experienced at helping people to reach their full potential and achieve goals they never thought possible.<\/p>",
                                                "text_color": "#000000",
                                                "typography_typography": "custom",
                                                "typography_font_size": {
                                                    "unit": "px",
                                                    "size": 15
                                                },
                                                "typography_font_weight": "600",
                                                "typography_line_height": {
                                                    "unit": "em",
                                                    "size": 1.8
                                                },
                                                "typography_font_family": "Poppins",
                                                "align": "center"
                                            },
                                            "elements": [],
                                            "isInner": false,
                                            "widgetType": "text-editor",
                                            "elType": "widget"
                                        }
                                    ],
                                    "isInner": true,
                                    "elType": "column"
                                }
                            ],
                            "isInner": true,
                            "elType": "section"
                        }
                    ],
                    "isInner": false,
                    "elType": "column"
                },
                {
                    "id": "2b403c7e",
                    "settings": {
                        "_column_size": 100,
                        "_inline_size_tablet": 40,
                        "content_position": "bottom",
                        "_inline_size": null
                    },
                    "elements": [],
                    "isInner": false,
                    "elType": "column"
                }
            ],
            "isInner": false,
            "elType": "section"
        },
        {
            "id": "50dd3037",
            "settings": {
                "content_position": "middle",
                "padding": {
                    "unit": "em",
                    "top": "4",
                    "right": "0",
                    "bottom": "4",
                    "left": "0",
                    "isLinked": false
                },
                "padding_tablet": {
                    "unit": "px",
                    "top": "40",
                    "right": "40",
                    "bottom": "40",
                    "left": "40",
                    "isLinked": true
                },
                "padding_mobile": {
                    "unit": "px",
                    "top": "40",
                    "right": "20",
                    "bottom": "40",
                    "left": "20",
                    "isLinked": false
                },
                "background_background": "classic",
                "background_color": "#ffffff",
                "background_gradient_angle": {
                    "unit": "deg",
                    "size": 150
                },
                "background_position": "bottom left",
                "background_repeat": "repeat-x",
                "background_size": "cover",
                "background_overlay_background": "gradient",
                "background_overlay_color_b": "rgba(198,41,162,0.88)",
                "background_overlay_gradient_angle": {
                    "unit": "deg",
                    "size": 200
                },
                "margin": {
                    "unit": "px",
                    "top": "",
                    "right": 0,
                    "bottom": "",
                    "left": 0,
                    "isLinked": true
                },
                "reverse_order_mobile": "reverse-mobile",
                "_element_id": "getstarted",
                "content_width": {
                    "unit": "px",
                    "size": 1200
                },
                "background_image": {
                    "url": "https:\/\/wp.envatoextensions.com\/kit-85\/wp-content\/uploads\/sites\/100\/2018\/10\/video-sec-bg.png",
                    "id": 1040
                },
                "background_overlay_color": "rgba(53,238,255,0.86)",
                "background_overlay_opacity": {
                    "unit": "px",
                    "size": 0.84999999999999998
                },
                "overlay_blend_mode": "color"
            },
            "elements": [
                {
                    "id": "7828ae33",
                    "settings": {
                        "_column_size": 100,
                        "_inline_size": null,
                        "background_background": "classic",
                        "padding": {
                            "unit": "px",
                            "top": "50",
                            "right": "55",
                            "bottom": "50",
                            "left": "50",
                            "isLinked": false
                        },
                        "_inline_size_tablet": 60,
                        "padding_mobile": {
                            "unit": "px",
                            "top": "35",
                            "right": "35",
                            "bottom": "35",
                            "left": "35",
                            "isLinked": true
                        }
                    },
                    "elements": [
                        {
                            "id": "6ac159ff",
                            "settings": {
                                "title": "Get Started <strong>Today<\/strong>!",
                                "align": "center",
                                "title_color": "#000000",
                                "typography_typography": "custom",
                                "typography_font_family": "Cormorant Garamond",
                                "typography_font_size": {
                                    "unit": "px",
                                    "size": 60
                                },
                                "typography_font_size_tablet": {
                                    "unit": "px",
                                    "size": 50
                                },
                                "typography_font_size_mobile": {
                                    "unit": "px",
                                    "size": 46
                                },
                                "typography_font_weight": "normal",
                                "typography_line_height": {
                                    "unit": "em",
                                    "size": 0.80000000000000004
                                },
                                "typography_letter_spacing": {
                                    "unit": "px",
                                    "size": -3
                                },
                                "_animation": "fadeInUp",
                                "animation_duration": "fast",
                                "typography_line_height_mobile": {
                                    "unit": "em",
                                    "size": 1.2
                                }
                            },
                            "elements": [],
                            "isInner": false,
                            "widgetType": "heading",
                            "elType": "widget"
                        },
                        {
                            "id": "29caa6ec",
                            "settings": {
                                "editor": "<p>Coaching can be either face-to-face or over the telephone or SKYPE.\u00a0 Each session is bespoke to each client, depending on the issues being addressed \u2013 sessions usually range between 1\/2hr to 1hr sessions.<\/p>",
                                "text_color": "#000000",
                                "typography_typography": "custom",
                                "typography_font_size": {
                                    "unit": "px",
                                    "size": 15
                                },
                                "typography_font_weight": "500",
                                "typography_line_height": {
                                    "unit": "em",
                                    "size": 1.8
                                },
                                "typography_font_family": "Poppins",
                                "align": "center"
                            },
                            "elements": [],
                            "isInner": false,
                            "widgetType": "text-editor",
                            "elType": "widget"
                        },
                        {
                            "id": "1ca053e9",
                            "settings": {
                                "text": "Email Me",
                                "align": "center",
                                "align_mobile": "center",
                                "typography_typography": "custom",
                                "typography_font_family": "Poppins",
                                "typography_font_size": {
                                    "unit": "px",
                                    "size": 14
                                },
                                "typography_font_weight": "500",
                                "typography_text_transform": "uppercase",
                                "background_color": "#212121",
                                "border_radius": {
                                    "unit": "px",
                                    "top": "60",
                                    "right": "60",
                                    "bottom": "60",
                                    "left": "60",
                                    "isLinked": true
                                },
                                "button_box_shadow_box_shadow_type": "yes",
                                "button_box_shadow_box_shadow": {
                                    "horizontal": 0,
                                    "vertical": 0,
                                    "blur": 30,
                                    "spread": 0,
                                    "color": "rgba(0,0,0,0.2)"
                                },
                                "text_padding": {
                                    "unit": "px",
                                    "top": "20",
                                    "right": "30",
                                    "bottom": "20",
                                    "left": "30",
                                    "isLinked": false
                                },
                                "link": {
                                    "url": "mailto:you@youremail.com",
                                    "is_external": "",
                                    "nofollow": ""
                                },
                                "icon": "fa fa-envelope-open",
                                "icon_indent": {
                                    "unit": "px",
                                    "size": 16
                                },
                                "hover_animation": "float",
                                "selected_icon": {
                                    "value": "fas fa-envelope-open",
                                    "library": "fa-solid"
                                }
                            },
                            "elements": [],
                            "isInner": false,
                            "widgetType": "button",
                            "elType": "widget"
                        },
                        {
                            "id": "395ca221",
                            "settings": {
                                "social_icon_list": [
                                    {
                                        "social": "fa fa-facebook",
                                        "_id": "0267196",
                                        "link": {
                                            "url": "",
                                            "is_external": "true",
                                            "nofollow": ""
                                        }
                                    },
                                    {
                                        "social": "fa fa-skype",
                                        "link": {
                                            "url": "",
                                            "is_external": "true",
                                            "nofollow": ""
                                        },
                                        "_id": "948da0d"
                                    },
                                    {
                                        "social": "fa fa-whatsapp",
                                        "link": {
                                            "url": "",
                                            "is_external": "true",
                                            "nofollow": ""
                                        },
                                        "_id": "405f585"
                                    }
                                ],
                                "icon_color": "custom",
                                "icon_primary_color": "rgba(66,173,36,0)",
                                "icon_secondary_color": "#000000",
                                "icon_size": {
                                    "unit": "px",
                                    "size": 21
                                },
                                "icon_padding": {
                                    "unit": "em",
                                    "size": 0.69999999999999996
                                },
                                "icon_spacing": {
                                    "unit": "px",
                                    "size": 10
                                },
                                "icon_size_mobile": {
                                    "unit": "px",
                                    "size": 15
                                },
                                "icon_spacing_mobile": {
                                    "unit": "px",
                                    "size": 16
                                },
                                "_padding_mobile": {
                                    "unit": "px",
                                    "top": "0",
                                    "right": "0",
                                    "bottom": "0",
                                    "left": "0",
                                    "isLinked": false
                                },
                                "shape": "circle",
                                "hover_animation": "grow",
                                "hover_primary_color": "#ffffff",
                                "hover_secondary_color": "#000000"
                            },
                            "elements": [],
                            "isInner": false,
                            "widgetType": "social-icons",
                            "elType": "widget"
                        }
                    ],
                    "isInner": false,
                    "elType": "column"
                }
            ],
            "isInner": false,
            "elType": "section"
        },
        {
            "id": "7a7dd49",
            "settings": {
                "structure": "30",
                "padding": {
                    "unit": "em",
                    "top": "4",
                    "right": "0",
                    "bottom": "4",
                    "left": "0",
                    "isLinked": false
                },
                "_element_id": "learnmore",
                "background_background": "classic",
                "background_color": "#ffffff",
                "background_gradient_angle": {
                    "unit": "deg",
                    "size": 150
                },
                "background_position": "center center",
                "background_repeat": "no-repeat",
                "background_size": "cover",
                "background_overlay_background": "gradient",
                "background_overlay_color": "#d0f4ab",
                "background_overlay_color_b": "rgba(40,0,102,0.88)",
                "background_overlay_gradient_angle": {
                    "unit": "deg",
                    "size": 300
                },
                "reverse_order_mobile": "reverse-mobile",
                "stretch_section": "section-stretched",
                "custom_height": {
                    "unit": "vh",
                    "size": 50
                },
                "background_image": {
                    "url": "https:\/\/wp.envatoextensions.com\/kit-85\/wp-content\/uploads\/sites\/100\/2018\/10\/happiness-family.jpg",
                    "id": 55
                },
                "background_attachment": "fixed",
                "background_overlay_opacity": {
                    "unit": "px",
                    "size": 0.40000000000000002
                },
                "background_overlay_hover_color": "rgba(0,0,0,0.84)",
                "background_overlay_hover_color_b": "rgba(0,0,0,0.6)",
                "background_overlay_hover_opacity": {
                    "unit": "px",
                    "size": 0.80000000000000004
                },
                "css_filters_hover_brightness": {
                    "unit": "px",
                    "size": 56
                },
                "background_overlay_hover_transition": {
                    "unit": "px",
                    "size": 0.59999999999999998
                },
                "animation": "fadeIn",
                "animation_duration": "fast"
            },
            "elements": [
                {
                    "id": "8223f94",
                    "settings": {
                        "_column_size": 33,
                        "_inline_size": null,
                        "padding": {
                            "unit": "px",
                            "top": "40",
                            "right": "40",
                            "bottom": "40",
                            "left": "40",
                            "isLinked": true
                        },
                        "padding_tablet": {
                            "unit": "px",
                            "top": "15",
                            "right": "15",
                            "bottom": "15",
                            "left": "15",
                            "isLinked": true
                        },
                        "background_background": "classic",
                        "background_color": "rgba(255,255,255,0)",
                        "box_shadow_box_shadow_type": "yes",
                        "box_shadow_box_shadow": {
                            "horizontal": 0,
                            "vertical": 0,
                            "blur": 0,
                            "spread": 0,
                            "color": "rgba(0,0,0,0.2)"
                        },
                        "box_shadow_hover_box_shadow_type": "yes",
                        "box_shadow_hover_box_shadow": {
                            "horizontal": 0,
                            "vertical": 0,
                            "blur": 40,
                            "spread": 0,
                            "color": "rgba(0,0,0,0.2)"
                        }
                    },
                    "elements": [
                        {
                            "id": "6a0a6d9a",
                            "settings": {
                                "icon": "fa fa-money",
                                "primary_color": "#ffffff"
                            },
                            "elements": [],
                            "isInner": false,
                            "widgetType": "icon",
                            "elType": "widget"
                        },
                        {
                            "id": "29e46c9e",
                            "settings": {
                                "title": "Financial <b>Security<\/b>",
                                "align": "center",
                                "typography_typography": "custom",
                                "typography_font_family": "Poppins",
                                "typography_font_size": {
                                    "unit": "px",
                                    "size": 22
                                },
                                "typography_font_weight": "400",
                                "typography_line_height": {
                                    "unit": "em",
                                    "size": 1.3999999999999999
                                },
                                "typography_letter_spacing": {
                                    "unit": "px",
                                    "size": -0.5
                                },
                                "align_mobile": "center",
                                "_padding": {
                                    "unit": "px",
                                    "top": "0",
                                    "right": "0",
                                    "bottom": "0",
                                    "left": "0",
                                    "isLinked": false
                                },
                                "_animation": "fadeInUp",
                                "animation_duration": "fast",
                                "title_color": "#ffffff"
                            },
                            "elements": [],
                            "isInner": false,
                            "widgetType": "heading",
                            "elType": "widget"
                        },
                        {
                            "id": "4d05e2b7",
                            "settings": {
                                "editor": "<p>Achieve financial security and stability by organizing and structuring your energy<\/p>",
                                "align": "center",
                                "text_color": "#ffffff",
                                "typography_typography": "custom",
                                "typography_font_family": "Poppins",
                                "typography_font_size": {
                                    "unit": "px",
                                    "size": 14
                                },
                                "typography_font_weight": "500",
                                "typography_line_height": {
                                    "unit": "em",
                                    "size": 1.7
                                },
                                "_margin": {
                                    "unit": "px",
                                    "top": "0",
                                    "right": "0",
                                    "bottom": "0",
                                    "left": "0",
                                    "isLinked": false
                                },
                                "_padding": {
                                    "unit": "px",
                                    "top": "0",
                                    "right": "0",
                                    "bottom": "0",
                                    "left": "0",
                                    "isLinked": true
                                },
                                "_padding_mobile": {
                                    "unit": "px",
                                    "top": "0",
                                    "right": "0",
                                    "bottom": "0",
                                    "left": "0",
                                    "isLinked": true
                                },
                                "align_mobile": "center",
                                "_animation": "fadeIn"
                            },
                            "elements": [],
                            "isInner": false,
                            "widgetType": "text-editor",
                            "elType": "widget"
                        },
                        {
                            "id": "47e96c9e",
                            "settings": {
                                "text": "Find out <b>more<\/b>!",
                                "align": "center",
                                "align_mobile": "center",
                                "typography_typography": "custom",
                                "typography_font_family": "Poppins",
                                "typography_font_size": {
                                    "unit": "px",
                                    "size": 14
                                },
                                "typography_font_weight": "500",
                                "typography_text_transform": "uppercase",
                                "button_text_color": "#000000",
                                "background_color": "#ffffff",
                                "border_radius": {
                                    "unit": "px",
                                    "top": "60",
                                    "right": "60",
                                    "bottom": "60",
                                    "left": "60",
                                    "isLinked": true
                                },
                                "button_box_shadow_box_shadow_type": "yes",
                                "button_box_shadow_box_shadow": {
                                    "horizontal": 0,
                                    "vertical": 0,
                                    "blur": 40,
                                    "spread": 0,
                                    "color": "rgba(0,0,0,0.2)"
                                },
                                "text_padding": {
                                    "unit": "px",
                                    "top": "10",
                                    "right": "20",
                                    "bottom": "10",
                                    "left": "20",
                                    "isLinked": false
                                },
                                "_padding": {
                                    "unit": "px",
                                    "top": "10",
                                    "right": "0",
                                    "bottom": "10",
                                    "left": "0",
                                    "isLinked": false
                                },
                                "_animation": "fadeInDown",
                                "animation_duration": "fast"
                            },
                            "elements": [],
                            "isInner": false,
                            "widgetType": "button",
                            "elType": "widget"
                        }
                    ],
                    "isInner": false,
                    "elType": "column"
                },
                {
                    "id": "452437df",
                    "settings": {
                        "_column_size": 33,
                        "_inline_size": null,
                        "padding": {
                            "unit": "px",
                            "top": "40",
                            "right": "40",
                            "bottom": "40",
                            "left": "40",
                            "isLinked": true
                        },
                        "padding_tablet": {
                            "unit": "px",
                            "top": "15",
                            "right": "15",
                            "bottom": "15",
                            "left": "15",
                            "isLinked": true
                        },
                        "background_background": "classic",
                        "background_color": "rgba(255,255,255,0)",
                        "box_shadow_box_shadow_type": "yes",
                        "box_shadow_box_shadow": {
                            "horizontal": 0,
                            "vertical": 0,
                            "blur": 0,
                            "spread": 0,
                            "color": "rgba(0,0,0,0.2)"
                        },
                        "box_shadow_hover_box_shadow_type": "yes",
                        "box_shadow_hover_box_shadow": {
                            "horizontal": 0,
                            "vertical": 0,
                            "blur": 40,
                            "spread": 0,
                            "color": "rgba(0,0,0,0.2)"
                        }
                    },
                    "elements": [
                        {
                            "id": "473c5b18",
                            "settings": {
                                "icon": "fa fa-child",
                                "primary_color": "#ffffff"
                            },
                            "elements": [],
                            "isInner": false,
                            "widgetType": "icon",
                            "elType": "widget"
                        },
                        {
                            "id": "228cdc52",
                            "settings": {
                                "title": "<b>Harmonious <\/b>Family",
                                "align": "center",
                                "typography_typography": "custom",
                                "typography_font_family": "Poppins",
                                "typography_font_size": {
                                    "unit": "px",
                                    "size": 22
                                },
                                "typography_font_weight": "400",
                                "typography_line_height": {
                                    "unit": "em",
                                    "size": 1.3999999999999999
                                },
                                "typography_letter_spacing": {
                                    "unit": "px",
                                    "size": -0.5
                                },
                                "align_mobile": "center",
                                "_padding": {
                                    "unit": "px",
                                    "top": "0",
                                    "right": "0",
                                    "bottom": "0",
                                    "left": "0",
                                    "isLinked": false
                                },
                                "_animation": "fadeInUp",
                                "animation_duration": "fast",
                                "title_color": "#ffffff"
                            },
                            "elements": [],
                            "isInner": false,
                            "widgetType": "heading",
                            "elType": "widget"
                        },
                        {
                            "id": "676b7720",
                            "settings": {
                                "editor": "<p><span style=\"background-color: rgba(255, 255, 255, 0);\">Learn how h<\/span>armony in relationships within your family can be achieved following my guidance<\/p>",
                                "align": "center",
                                "text_color": "#ffffff",
                                "typography_typography": "custom",
                                "typography_font_family": "Poppins",
                                "typography_font_size": {
                                    "unit": "px",
                                    "size": 14
                                },
                                "typography_font_weight": "500",
                                "typography_line_height": {
                                    "unit": "em",
                                    "size": 1.7
                                },
                                "_margin": {
                                    "unit": "px",
                                    "top": "0",
                                    "right": "0",
                                    "bottom": "0",
                                    "left": "0",
                                    "isLinked": false
                                },
                                "_padding": {
                                    "unit": "px",
                                    "top": "0",
                                    "right": "0",
                                    "bottom": "0",
                                    "left": "0",
                                    "isLinked": true
                                },
                                "_padding_mobile": {
                                    "unit": "px",
                                    "top": "0",
                                    "right": "0",
                                    "bottom": "0",
                                    "left": "0",
                                    "isLinked": true
                                },
                                "align_mobile": "center",
                                "_animation": "fadeIn"
                            },
                            "elements": [],
                            "isInner": false,
                            "widgetType": "text-editor",
                            "elType": "widget"
                        },
                        {
                            "id": "7fdec872",
                            "settings": {
                                "text": "Find out <b>more<\/b>!",
                                "align": "center",
                                "align_mobile": "center",
                                "typography_typography": "custom",
                                "typography_font_family": "Poppins",
                                "typography_font_size": {
                                    "unit": "px",
                                    "size": 14
                                },
                                "typography_font_weight": "500",
                                "typography_text_transform": "uppercase",
                                "button_text_color": "#000000",
                                "background_color": "#ffffff",
                                "border_radius": {
                                    "unit": "px",
                                    "top": "60",
                                    "right": "60",
                                    "bottom": "60",
                                    "left": "60",
                                    "isLinked": true
                                },
                                "button_box_shadow_box_shadow_type": "yes",
                                "button_box_shadow_box_shadow": {
                                    "horizontal": 0,
                                    "vertical": 0,
                                    "blur": 40,
                                    "spread": 0,
                                    "color": "rgba(0,0,0,0.2)"
                                },
                                "text_padding": {
                                    "unit": "px",
                                    "top": "10",
                                    "right": "20",
                                    "bottom": "10",
                                    "left": "20",
                                    "isLinked": false
                                },
                                "_padding": {
                                    "unit": "px",
                                    "top": "10",
                                    "right": "0",
                                    "bottom": "10",
                                    "left": "0",
                                    "isLinked": false
                                },
                                "_animation": "fadeInDown",
                                "animation_duration": "fast"
                            },
                            "elements": [],
                            "isInner": false,
                            "widgetType": "button",
                            "elType": "widget"
                        }
                    ],
                    "isInner": false,
                    "elType": "column"
                },
                {
                    "id": "66401e1c",
                    "settings": {
                        "_column_size": 33,
                        "_inline_size": null,
                        "padding": {
                            "unit": "px",
                            "top": "40",
                            "right": "40",
                            "bottom": "40",
                            "left": "40",
                            "isLinked": true
                        },
                        "padding_tablet": {
                            "unit": "px",
                            "top": "15",
                            "right": "15",
                            "bottom": "15",
                            "left": "15",
                            "isLinked": true
                        },
                        "background_background": "classic",
                        "background_color": "rgba(255,255,255,0)",
                        "box_shadow_box_shadow_type": "yes",
                        "box_shadow_box_shadow": {
                            "horizontal": 0,
                            "vertical": 0,
                            "blur": 0,
                            "spread": 0,
                            "color": "rgba(0,0,0,0.2)"
                        },
                        "box_shadow_hover_box_shadow_type": "yes",
                        "box_shadow_hover_box_shadow": {
                            "horizontal": 0,
                            "vertical": 0,
                            "blur": 40,
                            "spread": 0,
                            "color": "rgba(0,0,0,0.2)"
                        }
                    },
                    "elements": [
                        {
                            "id": "c525175",
                            "settings": {
                                "icon": "fa fa-balance-scale",
                                "primary_color": "#ffffff"
                            },
                            "elements": [],
                            "isInner": false,
                            "widgetType": "icon",
                            "elType": "widget"
                        },
                        {
                            "id": "bb8f9d1",
                            "settings": {
                                "title": "<b>Emotional <\/b>Stability",
                                "align": "center",
                                "typography_typography": "custom",
                                "typography_font_family": "Poppins",
                                "typography_font_size": {
                                    "unit": "px",
                                    "size": 22
                                },
                                "typography_font_weight": "400",
                                "typography_line_height": {
                                    "unit": "em",
                                    "size": 1.3999999999999999
                                },
                                "typography_letter_spacing": {
                                    "unit": "px",
                                    "size": -0.5
                                },
                                "align_mobile": "center",
                                "_padding": {
                                    "unit": "px",
                                    "top": "0",
                                    "right": "0",
                                    "bottom": "0",
                                    "left": "0",
                                    "isLinked": false
                                },
                                "_animation": "fadeInUp",
                                "animation_duration": "fast",
                                "title_color": "#ffffff"
                            },
                            "elements": [],
                            "isInner": false,
                            "widgetType": "heading",
                            "elType": "widget"
                        },
                        {
                            "id": "70b2dbbb",
                            "settings": {
                                "editor": "<p>Emotional health will give a boost in every aspect of your life - personal and professional.<\/p>",
                                "align": "center",
                                "text_color": "#ffffff",
                                "typography_typography": "custom",
                                "typography_font_family": "Poppins",
                                "typography_font_size": {
                                    "unit": "px",
                                    "size": 14
                                },
                                "typography_font_weight": "500",
                                "typography_line_height": {
                                    "unit": "em",
                                    "size": 1.7
                                },
                                "_margin": {
                                    "unit": "px",
                                    "top": "0",
                                    "right": "0",
                                    "bottom": "0",
                                    "left": "0",
                                    "isLinked": false
                                },
                                "_padding": {
                                    "unit": "px",
                                    "top": "0",
                                    "right": "0",
                                    "bottom": "0",
                                    "left": "0",
                                    "isLinked": true
                                },
                                "_padding_mobile": {
                                    "unit": "px",
                                    "top": "0",
                                    "right": "0",
                                    "bottom": "0",
                                    "left": "0",
                                    "isLinked": true
                                },
                                "align_mobile": "center",
                                "_animation": "fadeIn"
                            },
                            "elements": [],
                            "isInner": false,
                            "widgetType": "text-editor",
                            "elType": "widget"
                        },
                        {
                            "id": "41a31129",
                            "settings": {
                                "text": "Find out <b>more<\/b>!",
                                "align": "center",
                                "align_mobile": "center",
                                "typography_typography": "custom",
                                "typography_font_family": "Poppins",
                                "typography_font_size": {
                                    "unit": "px",
                                    "size": 14
                                },
                                "typography_font_weight": "500",
                                "typography_text_transform": "uppercase",
                                "button_text_color": "#000000",
                                "background_color": "#ffffff",
                                "border_radius": {
                                    "unit": "px",
                                    "top": "60",
                                    "right": "60",
                                    "bottom": "60",
                                    "left": "60",
                                    "isLinked": true
                                },
                                "button_box_shadow_box_shadow_type": "yes",
                                "button_box_shadow_box_shadow": {
                                    "horizontal": 0,
                                    "vertical": 0,
                                    "blur": 40,
                                    "spread": 0,
                                    "color": "rgba(0,0,0,0.2)"
                                },
                                "text_padding": {
                                    "unit": "px",
                                    "top": "10",
                                    "right": "20",
                                    "bottom": "10",
                                    "left": "20",
                                    "isLinked": false
                                },
                                "_padding": {
                                    "unit": "px",
                                    "top": "10",
                                    "right": "0",
                                    "bottom": "10",
                                    "left": "0",
                                    "isLinked": false
                                },
                                "_animation": "fadeInDown",
                                "animation_duration": "fast"
                            },
                            "elements": [],
                            "isInner": false,
                            "widgetType": "button",
                            "elType": "widget"
                        }
                    ],
                    "isInner": false,
                    "elType": "column"
                }
            ],
            "isInner": false,
            "elType": "section"
        },
        {
            "id": "55c7adb8",
            "settings": {
                "content_width": {
                    "unit": "px",
                    "size": 1200
                },
                "background_background": "classic",
                "background_color": "#f7f7f7",
                "shape_divider_bottom_color": "#003e53",
                "shape_divider_bottom_negative": "yes",
                "padding": {
                    "unit": "px",
                    "top": "80",
                    "right": "80",
                    "bottom": "80",
                    "left": "80",
                    "isLinked": true
                },
                "padding_tablet": {
                    "unit": "px",
                    "top": "80",
                    "right": "40",
                    "bottom": "80",
                    "left": "40",
                    "isLinked": false
                },
                "background_color_b": "rgba(210,233,225,0.37)",
                "background_gradient_angle": {
                    "unit": "deg",
                    "size": 260
                },
                "gap": "no"
            },
            "elements": [
                {
                    "id": "1d61bccb",
                    "settings": {
                        "_column_size": 100,
                        "_inline_size": null
                    },
                    "elements": [
                        {
                            "id": "10e129c0",
                            "settings": {
                                "title": "What my <strong>Clients<\/strong> Say About Me",
                                "header_size": "h3",
                                "align_mobile": "center",
                                "typography_typography": "custom",
                                "typography_font_size": {
                                    "unit": "px",
                                    "size": 36
                                },
                                "typography_font_family": "Cormorant Garamond",
                                "typography_font_weight": "500",
                                "align": "center",
                                "typography_letter_spacing": {
                                    "unit": "px",
                                    "size": -1.1000000000000001
                                },
                                "_animation": "fadeInUp",
                                "animation_duration": "fast",
                                "title_color": "#000000",
                                "typography_text_transform": "capitalize"
                            },
                            "elements": [],
                            "isInner": false,
                            "widgetType": "heading",
                            "elType": "widget"
                        },
                        {
                            "id": "5ae8bfa6",
                            "settings": {
                                "structure": "30"
                            },
                            "elements": [
                                {
                                    "id": "73080d4d",
                                    "settings": {
                                        "_column_size": 33,
                                        "_inline_size": null,
                                        "background_background": "classic",
                                        "background_color": "rgba(255,255,255,0)",
                                        "box_shadow_box_shadow_type": "yes",
                                        "box_shadow_box_shadow": {
                                            "horizontal": 0,
                                            "vertical": 0,
                                            "blur": 0,
                                            "spread": 0,
                                            "color": "rgba(0,0,0,0.2)"
                                        },
                                        "box_shadow_hover_box_shadow_type": "yes",
                                        "box_shadow_hover_box_shadow": {
                                            "horizontal": 0,
                                            "vertical": 0,
                                            "blur": 40,
                                            "spread": 0,
                                            "color": "rgba(0,0,0,0.2)"
                                        },
                                        "padding": {
                                            "unit": "px",
                                            "top": "40",
                                            "right": "40",
                                            "bottom": "40",
                                            "left": "40",
                                            "isLinked": true
                                        },
                                        "padding_tablet": {
                                            "unit": "px",
                                            "top": "15",
                                            "right": "15",
                                            "bottom": "15",
                                            "left": "15",
                                            "isLinked": true
                                        }
                                    },
                                    "elements": [
                                        {
                                            "id": "58e83c99",
                                            "settings": {
                                                "testimonial_content": "\"For so long I have yearned to take that which I intellectually understood, to reach me on deepest level. \"",
                                                "testimonial_image": {
                                                    "id": 9,
                                                    "url": "https:\/\/wp.envatoextensions.com\/kit-85\/wp-content\/uploads\/sites\/100\/2018\/10\/woman-portrait-01.jpg"
                                                },
                                                "testimonial_name": "Ana Gumienna",
                                                "testimonial_job": "Creative director",
                                                "content_content_color": "#333333",
                                                "content_typography_typography": "custom",
                                                "content_typography_font_family": "Poppins",
                                                "image_size": {
                                                    "unit": "px",
                                                    "size": 60
                                                },
                                                "name_text_color": "#000000",
                                                "name_typography_typography": "custom",
                                                "name_typography_font_family": "Poppins",
                                                "name_typography_font_weight": "500",
                                                "name_typography_text_transform": "uppercase",
                                                "job_typography_typography": "custom",
                                                "job_typography_font_family": "Poppins",
                                                "job_typography_line_height": {
                                                    "unit": "em",
                                                    "size": 1.6000000000000001
                                                },
                                                "content_typography_font_size": {
                                                    "unit": "px",
                                                    "size": 14
                                                },
                                                "content_typography_font_weight": "400",
                                                "content_typography_line_height": {
                                                    "unit": "em",
                                                    "size": 1.6000000000000001
                                                },
                                                "job_text_color": "#2d2d2d",
                                                "job_typography_font_size": {
                                                    "unit": "px",
                                                    "size": 14
                                                },
                                                "testimonial_alignment": "left"
                                            },
                                            "elements": [],
                                            "isInner": false,
                                            "widgetType": "testimonial",
                                            "elType": "widget"
                                        }
                                    ],
                                    "isInner": true,
                                    "elType": "column"
                                },
                                {
                                    "id": "b1860c9",
                                    "settings": {
                                        "_column_size": 33,
                                        "_inline_size": null,
                                        "background_background": "classic",
                                        "background_color": "rgba(255,255,255,0)",
                                        "box_shadow_box_shadow_type": "yes",
                                        "box_shadow_box_shadow": {
                                            "horizontal": 0,
                                            "vertical": 0,
                                            "blur": 0,
                                            "spread": 0,
                                            "color": "rgba(0,0,0,0.2)"
                                        },
                                        "box_shadow_hover_box_shadow_type": "yes",
                                        "box_shadow_hover_box_shadow": {
                                            "horizontal": 0,
                                            "vertical": 0,
                                            "blur": 40,
                                            "spread": 0,
                                            "color": "rgba(0,0,0,0.2)"
                                        },
                                        "padding": {
                                            "unit": "px",
                                            "top": "40",
                                            "right": "40",
                                            "bottom": "40",
                                            "left": "40",
                                            "isLinked": true
                                        },
                                        "padding_tablet": {
                                            "unit": "px",
                                            "top": "15",
                                            "right": "15",
                                            "bottom": "15",
                                            "left": "15",
                                            "isLinked": true
                                        }
                                    },
                                    "elements": [
                                        {
                                            "id": "226ec70d",
                                            "settings": {
                                                "testimonial_content": "\"First, I just want to say thank you! Of all of the programs and seminars that I have done (and there have been a lot)\"",
                                                "testimonial_image": {
                                                    "id": 163,
                                                    "url": "https:\/\/wp.envatoextensions.com\/kit-85\/wp-content\/uploads\/sites\/100\/2018\/10\/bearded-guy.jpg"
                                                },
                                                "testimonial_name": "Faber Castelli",
                                                "testimonial_job": "Full-time daddy",
                                                "content_content_color": "#333333",
                                                "content_typography_typography": "custom",
                                                "content_typography_font_family": "Poppins",
                                                "image_size": {
                                                    "unit": "px",
                                                    "size": 60
                                                },
                                                "name_text_color": "#000000",
                                                "name_typography_typography": "custom",
                                                "name_typography_font_family": "Poppins",
                                                "name_typography_font_weight": "500",
                                                "name_typography_text_transform": "uppercase",
                                                "job_typography_typography": "custom",
                                                "job_typography_font_family": "Poppins",
                                                "job_typography_line_height": {
                                                    "unit": "em",
                                                    "size": 1.6000000000000001
                                                },
                                                "content_typography_font_size": {
                                                    "unit": "px",
                                                    "size": 14
                                                },
                                                "content_typography_font_weight": "400",
                                                "content_typography_line_height": {
                                                    "unit": "em",
                                                    "size": 1.6000000000000001
                                                },
                                                "job_text_color": "#2d2d2d",
                                                "job_typography_font_size": {
                                                    "unit": "px",
                                                    "size": 14
                                                },
                                                "testimonial_alignment": "left"
                                            },
                                            "elements": [],
                                            "isInner": false,
                                            "widgetType": "testimonial",
                                            "elType": "widget"
                                        }
                                    ],
                                    "isInner": true,
                                    "elType": "column"
                                },
                                {
                                    "id": "1a9c8edb",
                                    "settings": {
                                        "_column_size": 33,
                                        "_inline_size": null,
                                        "background_background": "classic",
                                        "background_color": "rgba(255,255,255,0)",
                                        "box_shadow_box_shadow_type": "yes",
                                        "box_shadow_box_shadow": {
                                            "horizontal": 0,
                                            "vertical": 0,
                                            "blur": 0,
                                            "spread": 0,
                                            "color": "rgba(0,0,0,0.2)"
                                        },
                                        "box_shadow_hover_box_shadow_type": "yes",
                                        "box_shadow_hover_box_shadow": {
                                            "horizontal": 0,
                                            "vertical": 0,
                                            "blur": 40,
                                            "spread": 0,
                                            "color": "rgba(0,0,0,0.2)"
                                        },
                                        "padding": {
                                            "unit": "px",
                                            "top": "40",
                                            "right": "40",
                                            "bottom": "40",
                                            "left": "40",
                                            "isLinked": true
                                        },
                                        "padding_tablet": {
                                            "unit": "px",
                                            "top": "15",
                                            "right": "15",
                                            "bottom": "15",
                                            "left": "15",
                                            "isLinked": true
                                        }
                                    },
                                    "elements": [
                                        {
                                            "id": "2792cec8",
                                            "settings": {
                                                "testimonial_content": "\" Brad's guidance is hands down the one that has made the biggest impact in my life. Thank you, Brad.\"",
                                                "testimonial_image": {
                                                    "id": 126,
                                                    "url": "https:\/\/wp.envatoextensions.com\/kit-85\/wp-content\/uploads\/sites\/100\/2018\/10\/testimonial-03.jpg"
                                                },
                                                "testimonial_name": "Damian Walkers",
                                                "testimonial_job": "IT Engineer",
                                                "content_content_color": "#333333",
                                                "content_typography_typography": "custom",
                                                "content_typography_font_family": "Poppins",
                                                "image_size": {
                                                    "unit": "px",
                                                    "size": 60
                                                },
                                                "name_text_color": "#000000",
                                                "name_typography_typography": "custom",
                                                "name_typography_font_family": "Poppins",
                                                "name_typography_font_weight": "500",
                                                "name_typography_text_transform": "uppercase",
                                                "job_typography_typography": "custom",
                                                "job_typography_font_family": "Poppins",
                                                "job_typography_line_height": {
                                                    "unit": "em",
                                                    "size": 1.6000000000000001
                                                },
                                                "content_typography_font_size": {
                                                    "unit": "px",
                                                    "size": 14
                                                },
                                                "content_typography_font_weight": "400",
                                                "content_typography_line_height": {
                                                    "unit": "em",
                                                    "size": 1.6000000000000001
                                                },
                                                "job_text_color": "#2d2d2d",
                                                "job_typography_font_size": {
                                                    "unit": "px",
                                                    "size": 14
                                                },
                                                "testimonial_alignment": "left"
                                            },
                                            "elements": [],
                                            "isInner": false,
                                            "widgetType": "testimonial",
                                            "elType": "widget"
                                        }
                                    ],
                                    "isInner": true,
                                    "elType": "column"
                                }
                            ],
                            "isInner": true,
                            "elType": "section"
                        }
                    ],
                    "isInner": false,
                    "elType": "column"
                }
            ],
            "isInner": false,
            "elType": "section"
        },
        {
            "id": "702ad16f",
            "settings": {
                "content_position": "middle",
                "padding": {
                    "unit": "px",
                    "top": "40",
                    "right": "80",
                    "bottom": "40",
                    "left": "80",
                    "isLinked": false
                },
                "padding_tablet": {
                    "unit": "px",
                    "top": "40",
                    "right": "40",
                    "bottom": "40",
                    "left": "40",
                    "isLinked": true
                },
                "padding_mobile": {
                    "unit": "px",
                    "top": "40",
                    "right": "20",
                    "bottom": "40",
                    "left": "20",
                    "isLinked": false
                },
                "background_background": "classic",
                "background_color": "#212121",
                "background_gradient_angle": {
                    "unit": "deg",
                    "size": 150
                },
                "background_position": "center center",
                "background_repeat": "no-repeat",
                "background_size": "contain",
                "background_overlay_color": "rgba(66,173,36,0.86)",
                "background_overlay_color_b": "rgba(198,41,162,0.88)",
                "background_overlay_gradient_angle": {
                    "unit": "deg",
                    "size": 200
                },
                "background_overlay_opacity": {
                    "unit": "px",
                    "size": 0.75
                },
                "margin": {
                    "unit": "px",
                    "top": "",
                    "right": 0,
                    "bottom": "",
                    "left": 0,
                    "isLinked": true
                },
                "reverse_order_mobile": "reverse-mobile"
            },
            "elements": [
                {
                    "id": "61734ad7",
                    "settings": {
                        "_column_size": 100,
                        "_inline_size": 69.966999999999999,
                        "background_background": "classic",
                        "padding": {
                            "unit": "px",
                            "top": "50",
                            "right": "55",
                            "bottom": "50",
                            "left": "50",
                            "isLinked": false
                        },
                        "_inline_size_tablet": 60,
                        "padding_mobile": {
                            "unit": "px",
                            "top": "35",
                            "right": "35",
                            "bottom": "35",
                            "left": "35",
                            "isLinked": true
                        }
                    },
                    "elements": [
                        {
                            "id": "1568f039",
                            "settings": {
                                "title": "Communication is Oxygen",
                                "title_color": "#ffffff",
                                "typography_typography": "custom",
                                "typography_font_size": {
                                    "unit": "px",
                                    "size": 60
                                },
                                "align": "left",
                                "header_size": "h4",
                                "typography_font_family": "Cormorant Garamond",
                                "typography_letter_spacing": {
                                    "unit": "px",
                                    "size": -3
                                },
                                "typography_font_size_tablet": {
                                    "unit": "px",
                                    "size": 50
                                },
                                "typography_font_size_mobile": {
                                    "unit": "px",
                                    "size": 46
                                },
                                "typography_font_weight": "bold",
                                "typography_line_height": {
                                    "unit": "em",
                                    "size": 1.2
                                },
                                "typography_line_height_mobile": {
                                    "unit": "em",
                                    "size": 1.2
                                },
                                "_padding_mobile": {
                                    "unit": "px",
                                    "top": "0",
                                    "right": "0",
                                    "bottom": "0",
                                    "left": "0",
                                    "isLinked": true
                                },
                                "_animation": "fadeInUp",
                                "animation_duration": "fast"
                            },
                            "elements": [],
                            "isInner": false,
                            "widgetType": "heading",
                            "elType": "widget"
                        },
                        {
                            "id": "78d015ba",
                            "settings": {
                                "editor": "<p>I'm available on these social networks - feel free to ping me\u00a0\u00a0<\/p>",
                                "text_color": "#ffffff",
                                "typography_typography": "custom",
                                "typography_font_size": {
                                    "unit": "px",
                                    "size": 16
                                },
                                "_margin": {
                                    "unit": "px",
                                    "top": "-10",
                                    "right": "0",
                                    "bottom": "0",
                                    "left": "0",
                                    "isLinked": false
                                },
                                "align_mobile": "center",
                                "typography_font_family": "Poppins",
                                "typography_line_height": {
                                    "unit": "em",
                                    "size": 1.3999999999999999
                                }
                            },
                            "elements": [],
                            "isInner": false,
                            "widgetType": "text-editor",
                            "elType": "widget"
                        }
                    ],
                    "isInner": false,
                    "elType": "column"
                },
                {
                    "id": "220003d1",
                    "settings": {
                        "_column_size": 100,
                        "_inline_size": 30.033000000000001,
                        "background_background": "classic",
                        "padding": {
                            "unit": "px",
                            "top": "25",
                            "right": "25",
                            "bottom": "25",
                            "left": "25",
                            "isLinked": true
                        },
                        "_inline_size_tablet": 40
                    },
                    "elements": [
                        {
                            "id": "130c78ee",
                            "settings": {
                                "social_icon_list": [
                                    {
                                        "social": "fa fa-twitter",
                                        "_id": "dc10550",
                                        "link": {
                                            "url": "",
                                            "is_external": "true",
                                            "nofollow": ""
                                        }
                                    },
                                    {
                                        "social": "fa fa-facebook",
                                        "_id": "0267196",
                                        "link": {
                                            "url": "",
                                            "is_external": "true",
                                            "nofollow": ""
                                        }
                                    },
                                    {
                                        "social": "fa fa-medium",
                                        "link": {
                                            "url": "",
                                            "is_external": "true",
                                            "nofollow": ""
                                        },
                                        "_id": "92c0998"
                                    },
                                    {
                                        "social": "fa fa-linkedin",
                                        "link": {
                                            "url": "",
                                            "is_external": "true",
                                            "nofollow": ""
                                        },
                                        "_id": "9bc67e2"
                                    }
                                ],
                                "icon_color": "custom",
                                "icon_primary_color": "rgba(66,173,36,0)",
                                "icon_secondary_color": "#ffffff",
                                "icon_size": {
                                    "unit": "px",
                                    "size": 21
                                },
                                "icon_padding": {
                                    "unit": "em",
                                    "size": 0.69999999999999996
                                },
                                "icon_spacing": {
                                    "unit": "px",
                                    "size": 10
                                },
                                "icon_size_mobile": {
                                    "unit": "px",
                                    "size": 15
                                },
                                "icon_spacing_mobile": {
                                    "unit": "px",
                                    "size": 16
                                },
                                "_padding_mobile": {
                                    "unit": "px",
                                    "top": "0",
                                    "right": "0",
                                    "bottom": "0",
                                    "left": "0",
                                    "isLinked": false
                                },
                                "shape": "circle",
                                "hover_animation": "grow",
                                "hover_primary_color": "#ffffff",
                                "hover_secondary_color": "#000000"
                            },
                            "elements": [],
                            "isInner": false,
                            "widgetType": "social-icons",
                            "elType": "widget"
                        }
                    ],
                    "isInner": false,
                    "elType": "column"
                }
            ],
            "isInner": false,
            "elType": "section"
        }
    ]
}