{
    "version": "0.4",
    "title": "Popup",
    "type": "section",
    "metadata": {
        "template_type": "section",
        "elementor_pro_required": true,
        "wp_page_template": "default"
    },
    "content": [
        {
            "id": "1acbd46e",
            "settings": {
                "content_position": "middle",
                "padding": {
                    "unit": "em",
                    "top": "",
                    "right": "",
                    "bottom": "",
                    "left": "",
                    "isLinked": false
                },
                "padding_tablet": {
                    "unit": "px",
                    "top": "40",
                    "right": "40",
                    "bottom": "40",
                    "left": "40",
                    "isLinked": true
                },
                "padding_mobile": {
                    "unit": "px",
                    "top": "40",
                    "right": "20",
                    "bottom": "40",
                    "left": "20",
                    "isLinked": false
                },
                "background_background": "classic",
                "background_color": "#f7f7f7",
                "background_gradient_angle": {
                    "unit": "deg",
                    "size": 150
                },
                "background_position": "center center",
                "background_repeat": "no-repeat",
                "background_size": "contain",
                "background_overlay_color": "rgba(66,173,36,0.86)",
                "background_overlay_color_b": "rgba(198,41,162,0.88)",
                "background_overlay_gradient_angle": {
                    "unit": "deg",
                    "size": 200
                },
                "background_overlay_opacity": {
                    "unit": "px",
                    "size": 0.75
                },
                "margin": {
                    "unit": "px",
                    "top": "",
                    "right": 0,
                    "bottom": "",
                    "left": 0,
                    "isLinked": true
                },
                "reverse_order_mobile": "reverse-mobile",
                "content_width": {
                    "unit": "px",
                    "size": 960
                }
            },
            "elements": [
                {
                    "id": "54cda826",
                    "settings": {
                        "_column_size": 100,
                        "_inline_size": null,
                        "background_background": "classic",
                        "padding": {
                            "unit": "px",
                            "top": "50",
                            "right": "55",
                            "bottom": "50",
                            "left": "50",
                            "isLinked": false
                        },
                        "_inline_size_tablet": 60,
                        "padding_mobile": {
                            "unit": "px",
                            "top": "35",
                            "right": "35",
                            "bottom": "35",
                            "left": "35",
                            "isLinked": true
                        },
                        "animation": "fadeInDown",
                        "animation_duration": "fast"
                    },
                    "elements": [
                        {
                            "id": "4a554a58",
                            "settings": {
                                "title": "Join my Newsletter",
                                "title_color": "#000000",
                                "typography_typography": "custom",
                                "typography_font_size": {
                                    "unit": "px",
                                    "size": 39
                                },
                                "align": "center",
                                "align_mobile": "center",
                                "header_size": "h1",
                                "typography_font_family": "Cormorant Garamond",
                                "typography_letter_spacing": {
                                    "unit": "px",
                                    "size": -1.5
                                },
                                "typography_font_weight": "600",
                                "typography_text_transform": "capitalize"
                            },
                            "elements": [],
                            "isInner": false,
                            "widgetType": "heading",
                            "elType": "widget"
                        },
                        {
                            "id": "e33d39f",
                            "settings": {
                                "title": "support group",
                                "title_color": "#000000",
                                "typography_typography": "custom",
                                "typography_font_size": {
                                    "unit": "px",
                                    "size": 63
                                },
                                "align": "center",
                                "align_mobile": "center",
                                "header_size": "h1",
                                "typography_font_family": "Sofia",
                                "typography_letter_spacing": {
                                    "unit": "px",
                                    "size": -3
                                },
                                "typography_font_weight": "500",
                                "typography_text_transform": "capitalize",
                                "typography_font_style": "italic",
                                "_margin": {
                                    "unit": "px",
                                    "top": "-30",
                                    "right": "0",
                                    "bottom": "0",
                                    "left": "0",
                                    "isLinked": false
                                }
                            },
                            "elements": [],
                            "isInner": false,
                            "widgetType": "heading",
                            "elType": "widget"
                        },
                        {
                            "id": "522b47bb",
                            "settings": {
                                "space": {
                                    "unit": "px",
                                    "size": 20
                                }
                            },
                            "elements": [],
                            "isInner": false,
                            "widgetType": "spacer",
                            "elType": "widget"
                        },
                        {
                            "id": "4b0af6df",
                            "settings": {
                                "editor": "<p>Subscribe to our newsletter and receive daily encouragement.<\/p>",
                                "text_color": "#000000",
                                "typography_typography": "custom",
                                "typography_font_size": {
                                    "unit": "px",
                                    "size": 16
                                },
                                "_margin": {
                                    "unit": "px",
                                    "top": "-10",
                                    "right": "0",
                                    "bottom": "0",
                                    "left": "0",
                                    "isLinked": false
                                },
                                "align_mobile": "center",
                                "typography_font_family": "Poppins",
                                "typography_line_height": {
                                    "unit": "em",
                                    "size": 1.3999999999999999
                                },
                                "align": "center"
                            },
                            "elements": [],
                            "isInner": false,
                            "widgetType": "text-editor",
                            "elType": "widget"
                        },
                        {
                            "id": "5f7080ee",
                            "settings": {
                                "form_name": "New Form",
                                "form_fields": [
                                    {
                                        "_id": "name",
                                        "field_type": "text",
                                        "field_label": "",
                                        "placeholder": "Name",
                                        "width": "50",
                                        "field_value": "",
                                        "required": "",
                                        "min_date": "",
                                        "max_date": "",
                                        "field_options": "",
                                        "allow_multiple": "",
                                        "select_size": "",
                                        "inline_list": "",
                                        "field_html": "",
                                        "width_tablet": "",
                                        "width_mobile": "",
                                        "rows": 4,
                                        "recaptcha_size": "normal",
                                        "recaptcha_style": "light",
                                        "css_classes": "",
                                        "custom_id": "name"
                                    },
                                    {
                                        "_id": "email",
                                        "field_type": "email",
                                        "required": "true",
                                        "field_label": "",
                                        "placeholder": "Email",
                                        "width": "50",
                                        "field_value": "",
                                        "min_date": "",
                                        "max_date": "",
                                        "field_options": "",
                                        "allow_multiple": "",
                                        "select_size": "",
                                        "inline_list": "",
                                        "field_html": "",
                                        "width_tablet": "",
                                        "width_mobile": "",
                                        "rows": 4,
                                        "recaptcha_size": "normal",
                                        "recaptcha_style": "light",
                                        "css_classes": "",
                                        "custom_id": "email"
                                    }
                                ],
                                "button_text": "Subscribe <b>now<\/b>",
                                "email_content": "[all-fields]",
                                "email_content_2": "[all-fields]",
                                "success_message": "The form was sent successfully.",
                                "error_message": "An error occured.",
                                "required_field_message": "This field is required.",
                                "invalid_message": "There's something wrong. The form is invalid.",
                                "field_text_color": "#ffffff",
                                "field_typography_typography": "custom",
                                "field_typography_font_family": "Poppins",
                                "field_typography_font_size": {
                                    "unit": "px",
                                    "size": 14
                                },
                                "field_background_color": "#161616",
                                "field_border_radius": {
                                    "unit": "px",
                                    "top": "30",
                                    "right": "30",
                                    "bottom": "30",
                                    "left": "30",
                                    "isLinked": true
                                },
                                "button_background_color": "#ffffff",
                                "button_text_color": "#000000",
                                "button_typography_typography": "custom",
                                "button_typography_font_family": "Poppins",
                                "button_typography_font_size": {
                                    "unit": "px",
                                    "size": 14
                                },
                                "button_typography_font_weight": "400",
                                "button_typography_text_transform": "uppercase",
                                "button_border_radius": {
                                    "unit": "px",
                                    "top": "60",
                                    "right": "60",
                                    "bottom": "60",
                                    "left": "60",
                                    "isLinked": true
                                },
                                "button_background_hover_color": "#000000",
                                "row_gap": {
                                    "unit": "px",
                                    "size": 20
                                },
                                "label_spacing": {
                                    "unit": "px",
                                    "size": 5
                                },
                                "label_color": "#ffffff",
                                "label_typography_typography": "custom",
                                "label_typography_font_family": "Poppins",
                                "label_typography_font_size": {
                                    "unit": "px",
                                    "size": 14
                                },
                                "field_border_width": {
                                    "unit": "px",
                                    "top": "0",
                                    "right": "0",
                                    "bottom": "0",
                                    "left": "0",
                                    "isLinked": true
                                },
                                "button_border_border": "solid",
                                "button_border_width": {
                                    "unit": "px",
                                    "top": "2",
                                    "right": "2",
                                    "bottom": "2",
                                    "left": "2",
                                    "isLinked": true
                                },
                                "button_border_color": "#9844bf",
                                "button_text_padding": {
                                    "unit": "em",
                                    "top": "",
                                    "right": "",
                                    "bottom": "",
                                    "left": "",
                                    "isLinked": false
                                },
                                "button_hover_color": "#ffffff",
                                "_padding": {
                                    "unit": "em",
                                    "top": "0",
                                    "right": "0",
                                    "bottom": "0",
                                    "left": "0",
                                    "isLinked": true
                                }
                            },
                            "elements": [],
                            "isInner": false,
                            "widgetType": "form",
                            "elType": "widget"
                        },
                        {
                            "id": "3b51bd8f",
                            "settings": {
                                "social_icon_list": [
                                    {
                                        "social": "fa fa-twitter",
                                        "_id": "dc10550",
                                        "link": {
                                            "url": "",
                                            "is_external": "true",
                                            "nofollow": ""
                                        }
                                    },
                                    {
                                        "social": "fa fa-facebook",
                                        "_id": "0267196",
                                        "link": {
                                            "url": "",
                                            "is_external": "true",
                                            "nofollow": ""
                                        }
                                    },
                                    {
                                        "social": "fa fa-medium",
                                        "link": {
                                            "url": "",
                                            "is_external": "true",
                                            "nofollow": ""
                                        },
                                        "_id": "92c0998"
                                    },
                                    {
                                        "social": "fa fa-linkedin",
                                        "link": {
                                            "url": "",
                                            "is_external": "true",
                                            "nofollow": ""
                                        },
                                        "_id": "9bc67e2"
                                    },
                                    {
                                        "social": "fa fa-skype",
                                        "link": {
                                            "url": "",
                                            "is_external": "true",
                                            "nofollow": ""
                                        },
                                        "_id": "6c073b2"
                                    }
                                ],
                                "icon_color": "custom",
                                "icon_primary_color": "rgba(66,173,36,0)",
                                "icon_secondary_color": "#000000",
                                "icon_size": {
                                    "unit": "px",
                                    "size": 21
                                },
                                "icon_padding": {
                                    "unit": "em",
                                    "size": 0.69999999999999996
                                },
                                "icon_spacing": {
                                    "unit": "px",
                                    "size": 10
                                },
                                "icon_size_mobile": {
                                    "unit": "px",
                                    "size": 15
                                },
                                "icon_spacing_mobile": {
                                    "unit": "px",
                                    "size": 16
                                },
                                "_padding_mobile": {
                                    "unit": "px",
                                    "top": "0",
                                    "right": "0",
                                    "bottom": "0",
                                    "left": "0",
                                    "isLinked": false
                                },
                                "shape": "circle",
                                "hover_animation": "grow",
                                "hover_primary_color": "#ffffff",
                                "hover_secondary_color": "#000000"
                            },
                            "elements": [],
                            "isInner": false,
                            "widgetType": "social-icons",
                            "elType": "widget"
                        }
                    ],
                    "isInner": false,
                    "elType": "column"
                }
            ],
            "isInner": false,
            "elType": "section"
        }
    ],
    "page_settings": {
        "width": {
            "unit": "px",
            "size": 620
        },
        "border_radius": {
            "unit": "px",
            "size": 0
        },
        "overlay_background_color": "rgba(12,9,25,0.73)",
        "close_button_horizontal": {
            "unit": "%",
            "size": 94
        },
        "prevent_close_on_background_click": "yes",
        "prevent_close_on_esc_key": "yes",
        "avoid_multiple_popups": "yes"
    }
}