{
    "version": "0.4",
    "title": "Coming Soon",
    "type": "section",
    "metadata": {
        "template_type": "section",
        "elementor_pro_required": false,
        "wp_page_template": "default"
    },
    "content": [
        {
            "id": "18c9cf9",
            "settings": {
                "content_width": {
                    "unit": "px",
                    "size": 500
                },
                "margin": {
                    "unit": "px",
                    "top": "0",
                    "right": 0,
                    "bottom": "0",
                    "left": 0,
                    "isLinked": false
                }
            },
            "elements": [
                {
                    "id": "3e0bf981",
                    "settings": {
                        "_column_size": 100
                    },
                    "elements": [
                        {
                            "id": "73b8c73d",
                            "settings": {
                                "title": "Sam Booker",
                                "align": "center",
                                "title_color": "#ffffff",
                                "typography_typography": "custom",
                                "typography_font_family": "Josefin Sans",
                                "typography_font_size": {
                                    "unit": "px",
                                    "size": 18
                                },
                                "typography_font_weight": "700",
                                "typography_line_height": {
                                    "unit": "em",
                                    "size": 1.3
                                },
                                "typography_letter_spacing": {
                                    "unit": "px",
                                    "size": 10
                                },
                                "_padding": {
                                    "unit": "px",
                                    "top": "30",
                                    "right": "0",
                                    "bottom": "0",
                                    "left": "0",
                                    "isLinked": false
                                },
                                "typography_text_transform": "uppercase",
                                "_margin": {
                                    "unit": "px",
                                    "top": "0",
                                    "right": "0",
                                    "bottom": "-32",
                                    "left": "0",
                                    "isLinked": false
                                },
                                "_z_index": 999,
                                "hide_mobile": "hidden-phone"
                            },
                            "elements": [],
                            "isInner": false,
                            "widgetType": "heading",
                            "elType": "widget"
                        }
                    ],
                    "isInner": false,
                    "elType": "column"
                }
            ],
            "isInner": false,
            "elType": "section"
        },
        {
            "id": "24cf893b",
            "settings": {
                "background_background": "classic",
                "background_position": "center center",
                "background_attachment": "fixed",
                "background_repeat": "no-repeat",
                "background_size": "cover",
                "background_overlay_background": "classic",
                "background_overlay_color": "#dfe3e8",
                "background_overlay_opacity": {
                    "unit": "px",
                    "size": 0
                },
                "padding": {
                    "unit": "px",
                    "top": "0",
                    "right": "0",
                    "bottom": "0",
                    "left": "0",
                    "isLinked": false
                },
                "layout": "full_width",
                "height": "min-height",
                "column_position": "stretch",
                "margin": {
                    "unit": "px",
                    "top": "-41",
                    "right": 0,
                    "bottom": "0",
                    "left": 0,
                    "isLinked": false
                },
                "custom_height": {
                    "unit": "vh",
                    "size": 100
                },
                "custom_height_mobile": {
                    "unit": "vh",
                    "size": 100
                }
            },
            "elements": [
                {
                    "id": "1f87dd52",
                    "settings": {
                        "_column_size": 100,
                        "space_between_widgets": 26,
                        "background_color": "#f9f9f9",
                        "padding": {
                            "unit": "px",
                            "top": "0",
                            "right": "0",
                            "bottom": "0",
                            "left": "0",
                            "isLinked": false
                        },
                        "content_position": "center",
                        "background_background": "classic",
                        "background_image": {
                            "url": "https:\/\/wp.envatoextensions.com\/kit-84\/wp-content\/uploads\/sites\/99\/2018\/10\/photo-1512580770426-cbed71c40e94.jpeg",
                            "id": 74
                        },
                        "background_position": "center center",
                        "background_repeat": "no-repeat",
                        "background_size": "cover",
                        "background_overlay_background": "classic",
                        "background_overlay_color": "#232323",
                        "background_overlay_opacity": {
                            "unit": "px",
                            "size": 0.40000000000000002
                        }
                    },
                    "elements": [
                        {
                            "id": "7a72af6f",
                            "settings": {
                                "content_width": {
                                    "unit": "px",
                                    "size": 716
                                },
                                "padding": {
                                    "unit": "px",
                                    "top": "80",
                                    "right": "0",
                                    "bottom": "0",
                                    "left": "0",
                                    "isLinked": false
                                }
                            },
                            "elements": [
                                {
                                    "id": "57d6f301",
                                    "settings": {
                                        "_column_size": 100,
                                        "_inline_size": null,
                                        "padding_mobile": {
                                            "unit": "px",
                                            "top": "20",
                                            "right": "20",
                                            "bottom": "20",
                                            "left": "20",
                                            "isLinked": true
                                        }
                                    },
                                    "elements": [
                                        {
                                            "id": "2dd8b0ba",
                                            "settings": {
                                                "title": "coming 11\/11\/20",
                                                "align": "left",
                                                "title_color": "rgba(255,255,255,0.91)",
                                                "typography_typography": "custom",
                                                "typography_font_family": "Karla",
                                                "typography_font_size": {
                                                    "unit": "px",
                                                    "size": 15
                                                },
                                                "typography_font_weight": "600",
                                                "typography_text_transform": "uppercase",
                                                "typography_line_height": {
                                                    "unit": "em",
                                                    "size": 1.3999999999999999
                                                },
                                                "typography_letter_spacing": {
                                                    "unit": "px",
                                                    "size": 1
                                                },
                                                "_padding": {
                                                    "unit": "px",
                                                    "top": "0",
                                                    "right": "0",
                                                    "bottom": "20",
                                                    "left": "0",
                                                    "isLinked": false
                                                }
                                            },
                                            "elements": [],
                                            "isInner": false,
                                            "widgetType": "heading",
                                            "elType": "widget"
                                        },
                                        {
                                            "id": "695fde23",
                                            "settings": {
                                                "title": "A loud Silence We Cannot Hear",
                                                "align": "left",
                                                "title_color": "#ffffff",
                                                "typography_typography": "custom",
                                                "typography_font_family": "Prata",
                                                "typography_font_size": {
                                                    "unit": "px",
                                                    "size": 81
                                                },
                                                "typography_font_weight": "400",
                                                "typography_line_height": {
                                                    "unit": "em",
                                                    "size": 1.2
                                                },
                                                "typography_letter_spacing": {
                                                    "unit": "px",
                                                    "size": 0
                                                },
                                                "_padding": {
                                                    "unit": "px",
                                                    "top": "0",
                                                    "right": "0",
                                                    "bottom": "0",
                                                    "left": "0",
                                                    "isLinked": false
                                                },
                                                "typography_text_transform": "capitalize",
                                                "typography_font_size_mobile": {
                                                    "unit": "px",
                                                    "size": 45
                                                }
                                            },
                                            "elements": [],
                                            "isInner": false,
                                            "widgetType": "heading",
                                            "elType": "widget"
                                        },
                                        {
                                            "id": "524c3fcc",
                                            "settings": {
                                                "text": "Read Excerpt",
                                                "link": {
                                                    "url": "",
                                                    "is_external": "on",
                                                    "nofollow": ""
                                                },
                                                "align": "left",
                                                "size": "md",
                                                "typography_typography": "custom",
                                                "typography_font_family": "Karla",
                                                "typography_font_size": {
                                                    "unit": "px",
                                                    "size": 13
                                                },
                                                "typography_font_weight": "700",
                                                "typography_text_transform": "uppercase",
                                                "typography_line_height": {
                                                    "unit": "px",
                                                    "size": 24
                                                },
                                                "typography_letter_spacing": {
                                                    "unit": "px",
                                                    "size": 1.6000000000000001
                                                },
                                                "button_text_color": "#ffffff",
                                                "background_color": "#d2b29b",
                                                "border_radius": {
                                                    "unit": "px",
                                                    "top": "0",
                                                    "right": "0",
                                                    "bottom": "0",
                                                    "left": "0",
                                                    "isLinked": true
                                                },
                                                "text_padding": {
                                                    "unit": "px",
                                                    "top": "15",
                                                    "right": "41",
                                                    "bottom": "15",
                                                    "left": "41",
                                                    "isLinked": false
                                                },
                                                "_padding": {
                                                    "unit": "px",
                                                    "top": "30",
                                                    "right": "0",
                                                    "bottom": "0",
                                                    "left": "0",
                                                    "isLinked": false
                                                }
                                            },
                                            "elements": [],
                                            "isInner": false,
                                            "widgetType": "button",
                                            "elType": "widget"
                                        },
                                        {
                                            "id": "523267a",
                                            "settings": {
                                                "social_icon_list": [
                                                    {
                                                        "social": "fa fa-facebook",
                                                        "_id": "7969a91",
                                                        "link": {
                                                            "url": "",
                                                            "is_external": "true",
                                                            "nofollow": ""
                                                        }
                                                    },
                                                    {
                                                        "social": "fa fa-twitter",
                                                        "_id": "c1518e8",
                                                        "link": {
                                                            "url": "",
                                                            "is_external": "true",
                                                            "nofollow": ""
                                                        }
                                                    },
                                                    {
                                                        "social": "fa fa-wordpress",
                                                        "link": {
                                                            "url": "",
                                                            "is_external": "true",
                                                            "nofollow": ""
                                                        },
                                                        "_id": "526cd45"
                                                    },
                                                    {
                                                        "social": "fa fa-instagram",
                                                        "link": {
                                                            "url": "",
                                                            "is_external": "true",
                                                            "nofollow": ""
                                                        },
                                                        "_id": "81e4573"
                                                    },
                                                    {
                                                        "social": "fa fa-medium",
                                                        "link": {
                                                            "url": "",
                                                            "is_external": "true",
                                                            "nofollow": ""
                                                        },
                                                        "_id": "c5eed34"
                                                    }
                                                ],
                                                "shape": "circle",
                                                "icon_color": "custom",
                                                "icon_primary_color": "rgba(255,255,255,0)",
                                                "icon_secondary_color": "#ffffff",
                                                "icon_size": {
                                                    "unit": "px",
                                                    "size": 15
                                                },
                                                "icon_padding": {
                                                    "unit": "em",
                                                    "size": 0.5
                                                },
                                                "icon_spacing": {
                                                    "unit": "px",
                                                    "size": 0
                                                },
                                                "hover_primary_color": "rgba(255,255,255,0)",
                                                "hover_secondary_color": "#ffffff",
                                                "hover_animation": "pop",
                                                "align": "left"
                                            },
                                            "elements": [],
                                            "isInner": false,
                                            "widgetType": "social-icons",
                                            "elType": "widget"
                                        }
                                    ],
                                    "isInner": true,
                                    "elType": "column"
                                }
                            ],
                            "isInner": true,
                            "elType": "section"
                        }
                    ],
                    "isInner": false,
                    "elType": "column"
                }
            ],
            "isInner": false,
            "elType": "section"
        }
    ]
}