{
    "version": "0.4",
    "title": "Contact 2 &#8211; Pro",
    "type": "section",
    "metadata": {
        "template_type": "section",
        "elementor_pro_required": true,
        "wp_page_template": "default"
    },
    "content": [
        {
            "id": "143259d4",
            "settings": {
                "background_background": "classic",
                "background_image": {
                    "url": "https:\/\/wp.envatoextensions.com\/kit-84\/wp-content\/uploads\/sites\/99\/2018\/10\/photo-1539015239237-105d475820d4.jpeg",
                    "id": 44
                },
                "background_position": "center center",
                "background_attachment": "fixed",
                "background_repeat": "no-repeat",
                "background_size": "cover",
                "background_overlay_background": "classic",
                "background_overlay_color": "#dfe3e8",
                "background_overlay_opacity": {
                    "unit": "px",
                    "size": 0
                },
                "padding": {
                    "unit": "px",
                    "top": "160",
                    "right": "0",
                    "bottom": "100",
                    "left": "0",
                    "isLinked": false
                }
            },
            "elements": [
                {
                    "id": "129c3d16",
                    "settings": {
                        "_column_size": 100,
                        "space_between_widgets": 26,
                        "background_color": "#f9f9f9",
                        "padding": {
                            "unit": "px",
                            "top": "0",
                            "right": "0",
                            "bottom": "0",
                            "left": "0",
                            "isLinked": false
                        }
                    },
                    "elements": [
                        {
                            "id": "68e5c497",
                            "settings": {
                                "content_width": {
                                    "unit": "px",
                                    "size": 614
                                }
                            },
                            "elements": [
                                {
                                    "id": "6784f06b",
                                    "settings": {
                                        "_column_size": 100,
                                        "_inline_size": null
                                    },
                                    "elements": [
                                        {
                                            "id": "65129bf6",
                                            "settings": {
                                                "title": "Get In Touch",
                                                "align": "center",
                                                "title_color": "#ffffff",
                                                "typography_typography": "custom",
                                                "typography_font_family": "Prata",
                                                "typography_font_size": {
                                                    "unit": "px",
                                                    "size": 66
                                                },
                                                "typography_font_weight": "400",
                                                "typography_line_height": {
                                                    "unit": "em",
                                                    "size": 1.3999999999999999
                                                },
                                                "typography_letter_spacing": {
                                                    "unit": "px",
                                                    "size": 0
                                                },
                                                "_padding": {
                                                    "unit": "px",
                                                    "top": "0",
                                                    "right": "0",
                                                    "bottom": "0",
                                                    "left": "0",
                                                    "isLinked": false
                                                },
                                                "header_size": "h1",
                                                "typography_font_size_mobile": {
                                                    "unit": "px",
                                                    "size": 45
                                                }
                                            },
                                            "elements": [],
                                            "isInner": false,
                                            "widgetType": "heading",
                                            "elType": "widget"
                                        },
                                        {
                                            "id": "5b5c50df",
                                            "settings": {
                                                "editor": "<p>We are to here to help you 7 days a week and respond within 24 hours. Plus, you can find most answers to your questions right on our faq page.<\/p>",
                                                "align": "center",
                                                "text_color": "rgba(255,255,255,0.81)",
                                                "typography_typography": "custom",
                                                "typography_font_family": "Georgia",
                                                "typography_font_size": {
                                                    "unit": "px",
                                                    "size": 16
                                                },
                                                "typography_line_height": {
                                                    "unit": "px",
                                                    "size": 28
                                                },
                                                "_margin": {
                                                    "unit": "px",
                                                    "top": "0",
                                                    "right": "0",
                                                    "bottom": "0",
                                                    "left": "0",
                                                    "isLinked": false
                                                },
                                                "_padding": {
                                                    "unit": "px",
                                                    "top": "0",
                                                    "right": "20",
                                                    "bottom": "0",
                                                    "left": "20",
                                                    "isLinked": false
                                                }
                                            },
                                            "elements": [],
                                            "isInner": false,
                                            "widgetType": "text-editor",
                                            "elType": "widget"
                                        }
                                    ],
                                    "isInner": true,
                                    "elType": "column"
                                }
                            ],
                            "isInner": true,
                            "elType": "section"
                        }
                    ],
                    "isInner": false,
                    "elType": "column"
                }
            ],
            "isInner": false,
            "elType": "section"
        },
        {
            "id": "3c18e98e",
            "settings": {
                "structure": "30",
                "padding": {
                    "unit": "px",
                    "top": "100",
                    "right": "0",
                    "bottom": "100",
                    "left": "0",
                    "isLinked": false
                },
                "background_background": "classic",
                "background_color": "#ffffff"
            },
            "elements": [
                {
                    "id": "18c4de71",
                    "settings": {
                        "_column_size": 33,
                        "_inline_size": null
                    },
                    "elements": [
                        {
                            "id": "7bda4c50",
                            "settings": {
                                "title": "Mailing Address",
                                "align": "center",
                                "title_color": "#000000",
                                "typography_typography": "custom",
                                "typography_font_family": "Karla",
                                "typography_font_size": {
                                    "unit": "px",
                                    "size": 15
                                },
                                "typography_font_weight": "600",
                                "typography_text_transform": "uppercase",
                                "typography_line_height": {
                                    "unit": "em",
                                    "size": 1.3999999999999999
                                },
                                "typography_letter_spacing": {
                                    "unit": "px",
                                    "size": 1
                                },
                                "_padding": {
                                    "unit": "px",
                                    "top": "0",
                                    "right": "0",
                                    "bottom": "0",
                                    "left": "0",
                                    "isLinked": false
                                },
                                "header_size": "h3"
                            },
                            "elements": [],
                            "isInner": false,
                            "widgetType": "heading",
                            "elType": "widget"
                        },
                        {
                            "id": "539700d5",
                            "settings": {
                                "editor": "<p>1408 31th Street NW, Suite 209<br \/>New York, NY 10028<\/p>",
                                "align": "center",
                                "text_color": "#888888",
                                "typography_typography": "custom",
                                "typography_font_family": "Georgia",
                                "typography_font_size": {
                                    "unit": "px",
                                    "size": 16
                                },
                                "typography_line_height": {
                                    "unit": "px",
                                    "size": 28
                                },
                                "_padding": {
                                    "unit": "px",
                                    "top": "0",
                                    "right": "0",
                                    "bottom": "0",
                                    "left": "0",
                                    "isLinked": false
                                }
                            },
                            "elements": [],
                            "isInner": false,
                            "widgetType": "text-editor",
                            "elType": "widget"
                        }
                    ],
                    "isInner": false,
                    "elType": "column"
                },
                {
                    "id": "1c39849",
                    "settings": {
                        "_column_size": 33,
                        "_inline_size": null
                    },
                    "elements": [
                        {
                            "id": "23453d3d",
                            "settings": {
                                "title": "Media Inquiries",
                                "align": "center",
                                "title_color": "#000000",
                                "typography_typography": "custom",
                                "typography_font_family": "Karla",
                                "typography_font_size": {
                                    "unit": "px",
                                    "size": 15
                                },
                                "typography_font_weight": "600",
                                "typography_text_transform": "uppercase",
                                "typography_line_height": {
                                    "unit": "em",
                                    "size": 1.3999999999999999
                                },
                                "typography_letter_spacing": {
                                    "unit": "px",
                                    "size": 1
                                },
                                "_padding": {
                                    "unit": "px",
                                    "top": "0",
                                    "right": "0",
                                    "bottom": "0",
                                    "left": "0",
                                    "isLinked": false
                                },
                                "header_size": "h3"
                            },
                            "elements": [],
                            "isInner": false,
                            "widgetType": "heading",
                            "elType": "widget"
                        },
                        {
                            "id": "f5c24ed",
                            "settings": {
                                "editor": "<p>Media Inquiries &amp; Interview Requests press@thebookauthor.com<\/p>",
                                "align": "center",
                                "text_color": "#888888",
                                "typography_typography": "custom",
                                "typography_font_family": "Georgia",
                                "typography_font_size": {
                                    "unit": "px",
                                    "size": 16
                                },
                                "typography_line_height": {
                                    "unit": "px",
                                    "size": 28
                                },
                                "_padding": {
                                    "unit": "px",
                                    "top": "0",
                                    "right": "0",
                                    "bottom": "0",
                                    "left": "0",
                                    "isLinked": false
                                }
                            },
                            "elements": [],
                            "isInner": false,
                            "widgetType": "text-editor",
                            "elType": "widget"
                        }
                    ],
                    "isInner": false,
                    "elType": "column"
                },
                {
                    "id": "198132cf",
                    "settings": {
                        "_column_size": 33,
                        "_inline_size": null
                    },
                    "elements": [
                        {
                            "id": "35a347f6",
                            "settings": {
                                "title": "Agent \/ Publicist",
                                "align": "center",
                                "title_color": "#000000",
                                "typography_typography": "custom",
                                "typography_font_family": "Karla",
                                "typography_font_size": {
                                    "unit": "px",
                                    "size": 15
                                },
                                "typography_font_weight": "600",
                                "typography_text_transform": "uppercase",
                                "typography_line_height": {
                                    "unit": "em",
                                    "size": 1.3999999999999999
                                },
                                "typography_letter_spacing": {
                                    "unit": "px",
                                    "size": 1
                                },
                                "_padding": {
                                    "unit": "px",
                                    "top": "0",
                                    "right": "0",
                                    "bottom": "0",
                                    "left": "0",
                                    "isLinked": false
                                },
                                "header_size": "h3"
                            },
                            "elements": [],
                            "isInner": false,
                            "widgetType": "heading",
                            "elType": "widget"
                        },
                        {
                            "id": "76f6425b",
                            "settings": {
                                "editor": "<p>agent@thebookagent.com publicist@thebookauthor.com<\/p>",
                                "align": "center",
                                "text_color": "#888888",
                                "typography_typography": "custom",
                                "typography_font_family": "Georgia",
                                "typography_font_size": {
                                    "unit": "px",
                                    "size": 16
                                },
                                "typography_line_height": {
                                    "unit": "px",
                                    "size": 28
                                },
                                "_padding": {
                                    "unit": "px",
                                    "top": "0",
                                    "right": "0",
                                    "bottom": "0",
                                    "left": "0",
                                    "isLinked": false
                                }
                            },
                            "elements": [],
                            "isInner": false,
                            "widgetType": "text-editor",
                            "elType": "widget"
                        }
                    ],
                    "isInner": false,
                    "elType": "column"
                }
            ],
            "isInner": false,
            "elType": "section"
        },
        {
            "id": "9f0c8f1",
            "settings": {
                "background_background": "classic",
                "background_color": "#d2b29b",
                "padding": {
                    "unit": "px",
                    "top": "120",
                    "right": "0",
                    "bottom": "110",
                    "left": "0",
                    "isLinked": false
                },
                "background_image": {
                    "url": "https:\/\/wp.envatoextensions.com\/kit-84\/wp-content\/uploads\/sites\/99\/2018\/11\/bookz201.png",
                    "id": 457
                },
                "background_position": "bottom center",
                "background_attachment": "fixed",
                "background_repeat": "no-repeat",
                "background_size": "cover",
                "background_overlay_background": "gradient",
                "background_overlay_color": "#d2b29b",
                "background_overlay_color_stop": {
                    "unit": "%",
                    "size": 23
                },
                "background_overlay_color_b": "#d3dfe2",
                "background_overlay_gradient_angle": {
                    "unit": "deg",
                    "size": 130
                },
                "background_overlay_opacity": {
                    "unit": "px",
                    "size": 0.94999999999999996
                },
                "padding_tablet": {
                    "unit": "em",
                    "top": "3",
                    "right": "3",
                    "bottom": "3",
                    "left": "3",
                    "isLinked": true
                },
                "padding_mobile": {
                    "unit": "em",
                    "top": "2",
                    "right": "2",
                    "bottom": "2",
                    "left": "2",
                    "isLinked": true
                }
            },
            "elements": [
                {
                    "id": "30d9410b",
                    "settings": {
                        "_column_size": 100,
                        "_inline_size": null,
                        "content_position": "center"
                    },
                    "elements": [
                        {
                            "id": "22795640",
                            "settings": {
                                "title": "join the book lovers",
                                "title_color": "#ffffff",
                                "typography_typography": "custom",
                                "typography_font_family": "Karla",
                                "typography_font_size": {
                                    "unit": "px",
                                    "size": 15
                                },
                                "typography_font_weight": "600",
                                "typography_text_transform": "uppercase",
                                "typography_line_height": {
                                    "unit": "em",
                                    "size": 1.3999999999999999
                                },
                                "typography_letter_spacing": {
                                    "unit": "px",
                                    "size": 1
                                },
                                "_padding": {
                                    "unit": "px",
                                    "top": "5",
                                    "right": "0",
                                    "bottom": "0",
                                    "left": "0",
                                    "isLinked": false
                                },
                                "header_size": "h3",
                                "align_mobile": "center",
                                "align_tablet": "center"
                            },
                            "elements": [],
                            "isInner": false,
                            "widgetType": "heading",
                            "elType": "widget"
                        },
                        {
                            "id": "60e7c1bd",
                            "settings": {
                                "title": "Register for an Event",
                                "title_color": "#ffffff",
                                "typography_typography": "custom",
                                "typography_font_family": "Prata",
                                "typography_font_size": {
                                    "unit": "px",
                                    "size": 41
                                },
                                "typography_font_weight": "400",
                                "typography_line_height": {
                                    "unit": "em",
                                    "size": 1.3999999999999999
                                },
                                "typography_letter_spacing": {
                                    "unit": "px",
                                    "size": 0
                                },
                                "_padding": {
                                    "unit": "px",
                                    "top": "0",
                                    "right": "0",
                                    "bottom": "0",
                                    "left": "0",
                                    "isLinked": false
                                },
                                "align_mobile": "center",
                                "typography_font_size_mobile": {
                                    "unit": "px",
                                    "size": 35
                                },
                                "align_tablet": "center"
                            },
                            "elements": [],
                            "isInner": false,
                            "widgetType": "heading",
                            "elType": "widget"
                        }
                    ],
                    "isInner": false,
                    "elType": "column"
                },
                {
                    "id": "7173a5ff",
                    "settings": {
                        "_column_size": 100,
                        "_inline_size": null,
                        "content_position": "center"
                    },
                    "elements": [
                        {
                            "id": "664db79d",
                            "settings": {
                                "text": "Registration page",
                                "align": "right",
                                "size": "md",
                                "typography_typography": "custom",
                                "typography_font_family": "Karla",
                                "typography_font_size": {
                                    "unit": "px",
                                    "size": 13
                                },
                                "typography_font_weight": "700",
                                "typography_text_transform": "uppercase",
                                "typography_line_height": {
                                    "unit": "px",
                                    "size": 24
                                },
                                "typography_letter_spacing": {
                                    "unit": "px",
                                    "size": 1.6000000000000001
                                },
                                "button_text_color": "#0c0c0c",
                                "background_color": "rgba(255,255,255,0.88)",
                                "border_radius": {
                                    "unit": "px",
                                    "top": "0",
                                    "right": "0",
                                    "bottom": "0",
                                    "left": "0",
                                    "isLinked": true
                                },
                                "text_padding": {
                                    "unit": "px",
                                    "top": "15",
                                    "right": "41",
                                    "bottom": "15",
                                    "left": "41",
                                    "isLinked": false
                                },
                                "icon_align": "right",
                                "align_tablet": "center"
                            },
                            "elements": [],
                            "isInner": false,
                            "widgetType": "button",
                            "elType": "widget"
                        }
                    ],
                    "isInner": false,
                    "elType": "column"
                }
            ],
            "isInner": false,
            "elType": "section"
        },
        {
            "id": "4704701d",
            "settings": {
                "padding": {
                    "unit": "px",
                    "top": "100",
                    "right": "0",
                    "bottom": "90",
                    "left": "0",
                    "isLinked": false
                },
                "gap": "wider",
                "structure": "20",
                "border_width": {
                    "unit": "px",
                    "top": "0",
                    "right": "0",
                    "bottom": "1",
                    "left": "0",
                    "isLinked": false
                },
                "border_color": "rgba(100,115,130,0.15)",
                "border_radius": {
                    "unit": "px",
                    "top": "0",
                    "right": "0",
                    "bottom": "0",
                    "left": "0",
                    "isLinked": true
                },
                "background_background": "classic",
                "background_color": "#ffffff"
            },
            "elements": [
                {
                    "id": "416ac69f",
                    "settings": {
                        "_column_size": 50,
                        "_inline_size": 35.262999999999998,
                        "_inline_size_tablet": 40,
                        "padding_tablet": {
                            "unit": "px",
                            "top": "20",
                            "right": "20",
                            "bottom": "20",
                            "left": "20",
                            "isLinked": true
                        }
                    },
                    "elements": [
                        {
                            "id": "392664c",
                            "settings": {
                                "title": "Contact us",
                                "align": "right",
                                "title_color": "#bcbcbc",
                                "typography_typography": "custom",
                                "typography_font_family": "Karla",
                                "typography_font_size": {
                                    "unit": "px",
                                    "size": 15
                                },
                                "typography_font_weight": "600",
                                "typography_text_transform": "uppercase",
                                "typography_line_height": {
                                    "unit": "em",
                                    "size": 1.3999999999999999
                                },
                                "typography_letter_spacing": {
                                    "unit": "px",
                                    "size": 1
                                },
                                "_padding": {
                                    "unit": "px",
                                    "top": "5",
                                    "right": "0",
                                    "bottom": "0",
                                    "left": "0",
                                    "isLinked": false
                                },
                                "header_size": "h3",
                                "align_mobile": "center"
                            },
                            "elements": [],
                            "isInner": false,
                            "widgetType": "heading",
                            "elType": "widget"
                        },
                        {
                            "id": "75fb2aaf",
                            "settings": {
                                "title": "Want to work together?",
                                "align": "right",
                                "title_color": "#0c0c0c",
                                "typography_typography": "custom",
                                "typography_font_family": "Prata",
                                "typography_font_size": {
                                    "unit": "px",
                                    "size": 41
                                },
                                "typography_font_weight": "400",
                                "typography_line_height": {
                                    "unit": "em",
                                    "size": 1.3999999999999999
                                },
                                "typography_letter_spacing": {
                                    "unit": "px",
                                    "size": 0
                                },
                                "_padding": {
                                    "unit": "px",
                                    "top": "0",
                                    "right": "0",
                                    "bottom": "0",
                                    "left": "0",
                                    "isLinked": false
                                },
                                "align_mobile": "center",
                                "typography_font_size_tablet": {
                                    "unit": "px",
                                    "size": 30
                                }
                            },
                            "elements": [],
                            "isInner": false,
                            "widgetType": "heading",
                            "elType": "widget"
                        },
                        {
                            "id": "7693d5e8",
                            "settings": {
                                "editor": "<p>Vestibulum lectus mauris ultrices eros in cursus turpis massa. Eu non diam phasellus vestibulum lorem sed risus ultricies tristique. Non nisi est sit amet facilisis magna etiam tempor.<\/p>",
                                "align": "right",
                                "text_color": "#888888",
                                "typography_typography": "custom",
                                "typography_font_family": "Georgia",
                                "typography_font_size": {
                                    "unit": "px",
                                    "size": 16
                                },
                                "typography_line_height": {
                                    "unit": "px",
                                    "size": 28
                                },
                                "_padding": {
                                    "unit": "px",
                                    "top": "0",
                                    "right": "0",
                                    "bottom": "0",
                                    "left": "40",
                                    "isLinked": false
                                },
                                "align_mobile": "center"
                            },
                            "elements": [],
                            "isInner": false,
                            "widgetType": "text-editor",
                            "elType": "widget"
                        },
                        {
                            "id": "2317b520",
                            "settings": {
                                "social_icon_list": [
                                    {
                                        "social": "fa fa-facebook",
                                        "_id": "7969a91",
                                        "link": {
                                            "url": "",
                                            "is_external": "true",
                                            "nofollow": ""
                                        }
                                    },
                                    {
                                        "social": "fa fa-twitter",
                                        "_id": "c1518e8",
                                        "link": {
                                            "url": "",
                                            "is_external": "true",
                                            "nofollow": ""
                                        }
                                    },
                                    {
                                        "social": "fa fa-google-plus",
                                        "_id": "1f3bfc5",
                                        "link": {
                                            "url": "",
                                            "is_external": "true",
                                            "nofollow": ""
                                        }
                                    },
                                    {
                                        "social": "fa fa-instagram",
                                        "_id": "7700fd5",
                                        "link": {
                                            "url": "",
                                            "is_external": "true",
                                            "nofollow": ""
                                        }
                                    },
                                    {
                                        "social": "fa fa-pinterest",
                                        "_id": "e69e6bb",
                                        "link": {
                                            "url": "",
                                            "is_external": "true",
                                            "nofollow": ""
                                        }
                                    }
                                ],
                                "shape": "circle",
                                "icon_color": "custom",
                                "icon_primary_color": "rgba(255,255,255,0)",
                                "icon_secondary_color": "#bcbcbc",
                                "icon_size": {
                                    "unit": "px",
                                    "size": 15
                                },
                                "icon_padding": {
                                    "unit": "em",
                                    "size": 0.69999999999999996
                                },
                                "icon_spacing": {
                                    "unit": "px",
                                    "size": 0
                                },
                                "hover_primary_color": "rgba(255,255,255,0)",
                                "hover_secondary_color": "#0c0c0c",
                                "align": "right",
                                "hover_animation": "pop",
                                "align_mobile": "center"
                            },
                            "elements": [],
                            "isInner": false,
                            "widgetType": "social-icons",
                            "elType": "widget"
                        }
                    ],
                    "isInner": false,
                    "elType": "column"
                },
                {
                    "id": "7846dd22",
                    "settings": {
                        "_column_size": 50,
                        "_inline_size": 64.736999999999995,
                        "_inline_size_tablet": 60,
                        "padding_tablet": {
                            "unit": "px",
                            "top": "20",
                            "right": "20",
                            "bottom": "20",
                            "left": "20",
                            "isLinked": true
                        }
                    },
                    "elements": [
                        {
                            "id": "4ea60708",
                            "settings": {
                                "form_name": "New Form",
                                "form_fields": [
                                    {
                                        "_id": "50eb6d6",
                                        "field_type": "email",
                                        "required": "true",
                                        "field_label": "",
                                        "placeholder": "First Name",
                                        "width": "50",
                                        "field_value": "",
                                        "min_date": "",
                                        "max_date": "",
                                        "field_options": "",
                                        "allow_multiple": "",
                                        "select_size": "",
                                        "inline_list": "",
                                        "field_html": "",
                                        "width_tablet": "",
                                        "width_mobile": "",
                                        "rows": 4,
                                        "recaptcha_size": "normal",
                                        "recaptcha_style": "light",
                                        "css_classes": "",
                                        "custom_id": "50eb6d6"
                                    },
                                    {
                                        "_id": "0358c7f",
                                        "field_type": "email",
                                        "required": "true",
                                        "field_label": "",
                                        "placeholder": "Email Address",
                                        "width": "50",
                                        "field_value": "",
                                        "min_date": "",
                                        "max_date": "",
                                        "field_options": "",
                                        "allow_multiple": "",
                                        "select_size": "",
                                        "inline_list": "",
                                        "field_html": "",
                                        "width_tablet": "",
                                        "width_mobile": "",
                                        "rows": 4,
                                        "recaptcha_size": "normal",
                                        "recaptcha_style": "light",
                                        "css_classes": "",
                                        "custom_id": "0358c7f"
                                    },
                                    {
                                        "_id": "50f0e7f",
                                        "field_type": "text",
                                        "required": "true",
                                        "field_label": "",
                                        "placeholder": "Subject",
                                        "width": "100",
                                        "field_value": "",
                                        "min_date": "",
                                        "max_date": "",
                                        "field_options": "",
                                        "allow_multiple": "",
                                        "select_size": "",
                                        "inline_list": "",
                                        "field_html": "",
                                        "width_tablet": "",
                                        "width_mobile": "",
                                        "rows": 4,
                                        "recaptcha_size": "normal",
                                        "recaptcha_style": "light",
                                        "css_classes": "",
                                        "custom_id": "50f0e7f"
                                    },
                                    {
                                        "_id": "acc6fe0",
                                        "field_type": "textarea",
                                        "required": "true",
                                        "field_label": "",
                                        "placeholder": "Message",
                                        "width": "100",
                                        "field_value": "",
                                        "min_date": "",
                                        "max_date": "",
                                        "field_options": "",
                                        "allow_multiple": "",
                                        "select_size": "",
                                        "inline_list": "",
                                        "field_html": "",
                                        "width_tablet": "",
                                        "width_mobile": "",
                                        "rows": 4,
                                        "recaptcha_size": "normal",
                                        "recaptcha_style": "light",
                                        "css_classes": "",
                                        "custom_id": "acc6fe0"
                                    }
                                ],
                                "show_labels": "",
                                "button_text": "Send message",
                                "button_width": "",
                                "email_content": "[all-fields]",
                                "email_content_2": "[all-fields]",
                                "success_message": "The form was sent successfully.",
                                "error_message": "An error occured.",
                                "required_field_message": "This field is required.",
                                "invalid_message": "There's something wrong. The form is invalid.",
                                "column_gap": {
                                    "unit": "px",
                                    "size": 20
                                },
                                "row_gap": {
                                    "unit": "px",
                                    "size": 20
                                },
                                "field_text_color": "#3a3a3a",
                                "field_typography_typography": "custom",
                                "field_typography_font_family": "Lora",
                                "field_typography_font_size": {
                                    "unit": "px",
                                    "size": 14.5
                                },
                                "field_typography_line_height": {
                                    "unit": "px",
                                    "size": 43
                                },
                                "field_border_color": "rgba(129,138,145,0.24)",
                                "field_border_width": {
                                    "unit": "px",
                                    "top": "1",
                                    "right": "1",
                                    "bottom": "1",
                                    "left": "1",
                                    "isLinked": true
                                },
                                "field_border_radius": {
                                    "unit": "px",
                                    "top": "0",
                                    "right": "0",
                                    "bottom": "0",
                                    "left": "0",
                                    "isLinked": true
                                },
                                "button_background_color": "#d2b29b",
                                "button_text_color": "#ffffff",
                                "button_typography_typography": "custom",
                                "button_typography_font_family": "Karla",
                                "button_typography_font_size": {
                                    "unit": "px",
                                    "size": 13
                                },
                                "button_typography_font_weight": "700",
                                "button_typography_text_transform": "uppercase",
                                "button_typography_line_height": {
                                    "unit": "px",
                                    "size": 34
                                },
                                "button_typography_letter_spacing": {
                                    "unit": "px",
                                    "size": 1.5
                                },
                                "button_border_radius": {
                                    "unit": "px",
                                    "top": "0",
                                    "right": "0",
                                    "bottom": "0",
                                    "left": "0",
                                    "isLinked": true
                                },
                                "button_text_padding": {
                                    "unit": "px",
                                    "top": "10",
                                    "right": "45",
                                    "bottom": "10",
                                    "left": "45",
                                    "isLinked": false
                                },
                                "_margin": {
                                    "unit": "%",
                                    "top": "0",
                                    "right": "0",
                                    "bottom": "0",
                                    "left": "0",
                                    "isLinked": false
                                },
                                "_padding": {
                                    "unit": "px",
                                    "top": "0",
                                    "right": "0",
                                    "bottom": "0",
                                    "left": "0",
                                    "isLinked": false
                                },
                                "button_align_mobile": "stretch",
                                "button_hover_animation": "float"
                            },
                            "elements": [],
                            "isInner": false,
                            "widgetType": "form",
                            "elType": "widget"
                        }
                    ],
                    "isInner": false,
                    "elType": "column"
                }
            ],
            "isInner": false,
            "elType": "section"
        },
        {
            "id": "61a68146",
            "settings": {
                "content_width": {
                    "unit": "px",
                    "size": 700
                },
                "background_background": "classic",
                "background_color": "#d2b29b",
                "padding": {
                    "unit": "px",
                    "top": "120",
                    "right": "0",
                    "bottom": "110",
                    "left": "0",
                    "isLinked": false
                },
                "background_image": {
                    "url": "https:\/\/wp.envatoextensions.com\/kit-84\/wp-content\/uploads\/sites\/99\/2018\/11\/bookz201.png",
                    "id": 457
                },
                "background_position": "bottom center",
                "background_attachment": "fixed",
                "background_repeat": "no-repeat",
                "background_size": "cover",
                "background_overlay_background": "gradient",
                "background_overlay_color": "#d2b29b",
                "background_overlay_color_stop": {
                    "unit": "%",
                    "size": 23
                },
                "background_overlay_color_b": "#d3dfe2",
                "background_overlay_gradient_angle": {
                    "unit": "deg",
                    "size": 130
                },
                "background_overlay_opacity": {
                    "unit": "px",
                    "size": 0.94999999999999996
                }
            },
            "elements": [
                {
                    "id": "1501cb31",
                    "settings": {
                        "_column_size": 100
                    },
                    "elements": [
                        {
                            "id": "2a00942d",
                            "settings": {
                                "title": "don't miss out",
                                "align": "center",
                                "title_color": "rgba(255,255,255,0.9)",
                                "typography_typography": "custom",
                                "typography_font_family": "Karla",
                                "typography_font_size": {
                                    "unit": "px",
                                    "size": 15
                                },
                                "typography_font_weight": "600",
                                "typography_text_transform": "uppercase",
                                "typography_line_height": {
                                    "unit": "em",
                                    "size": 1.3999999999999999
                                },
                                "typography_letter_spacing": {
                                    "unit": "px",
                                    "size": 1
                                },
                                "header_size": "h3"
                            },
                            "elements": [],
                            "isInner": false,
                            "widgetType": "heading",
                            "elType": "widget"
                        },
                        {
                            "id": "4b7863e",
                            "settings": {
                                "title": "Get Notified for upcoming events",
                                "align": "center",
                                "title_color": "#ffffff",
                                "typography_typography": "custom",
                                "typography_font_family": "Prata",
                                "typography_font_size": {
                                    "unit": "px",
                                    "size": 54
                                },
                                "typography_font_weight": "400",
                                "typography_line_height": {
                                    "unit": "em",
                                    "size": 1.3999999999999999
                                },
                                "typography_letter_spacing": {
                                    "unit": "px",
                                    "size": 0
                                },
                                "_padding": {
                                    "unit": "px",
                                    "top": "15",
                                    "right": "0",
                                    "bottom": "20",
                                    "left": "0",
                                    "isLinked": false
                                },
                                "typography_text_transform": "capitalize",
                                "typography_font_size_mobile": {
                                    "unit": "px",
                                    "size": 35
                                }
                            },
                            "elements": [],
                            "isInner": false,
                            "widgetType": "heading",
                            "elType": "widget"
                        },
                        {
                            "id": "2f9e464c",
                            "settings": {
                                "form_name": "New Form",
                                "form_fields": [
                                    {
                                        "_id": "0358c7f",
                                        "field_type": "email",
                                        "required": "true",
                                        "field_label": "",
                                        "placeholder": "Enter email address",
                                        "width": "66",
                                        "field_value": "",
                                        "min_date": "",
                                        "max_date": "",
                                        "field_options": "",
                                        "allow_multiple": "",
                                        "select_size": "",
                                        "inline_list": "",
                                        "field_html": "",
                                        "width_tablet": "",
                                        "width_mobile": "",
                                        "rows": 4,
                                        "recaptcha_size": "normal",
                                        "recaptcha_style": "light",
                                        "css_classes": "",
                                        "custom_id": "0358c7f"
                                    }
                                ],
                                "show_labels": "",
                                "button_text": "Notify me",
                                "button_width": "33",
                                "button_align": "start",
                                "email_content": "[all-fields]",
                                "email_content_2": "[all-fields]",
                                "success_message": "The form was sent successfully.",
                                "error_message": "An error occured.",
                                "required_field_message": "This field is required.",
                                "invalid_message": "There's something wrong. The form is invalid.",
                                "column_gap": {
                                    "unit": "px",
                                    "size": 16
                                },
                                "row_gap": {
                                    "unit": "px",
                                    "size": 0
                                },
                                "field_text_color": "#444444",
                                "field_typography_typography": "custom",
                                "field_typography_font_family": "Georgia",
                                "field_typography_font_size": {
                                    "unit": "px",
                                    "size": 14.4
                                },
                                "field_typography_line_height": {
                                    "unit": "px",
                                    "size": 41
                                },
                                "field_border_color": "rgba(129,138,145,0.14)",
                                "field_border_width": {
                                    "unit": "px",
                                    "top": "0",
                                    "right": "0",
                                    "bottom": "0",
                                    "left": "0",
                                    "isLinked": true
                                },
                                "field_border_radius": {
                                    "unit": "px",
                                    "top": "0",
                                    "right": "0",
                                    "bottom": "0",
                                    "left": "0",
                                    "isLinked": true
                                },
                                "button_background_color": "#000000",
                                "button_text_color": "#ffffff",
                                "button_typography_typography": "custom",
                                "button_typography_font_family": "Karla",
                                "button_typography_font_size": {
                                    "unit": "px",
                                    "size": 13
                                },
                                "button_typography_font_weight": "700",
                                "button_typography_text_transform": "uppercase",
                                "button_typography_line_height": {
                                    "unit": "px",
                                    "size": 32
                                },
                                "button_typography_letter_spacing": {
                                    "unit": "px",
                                    "size": 1.5
                                },
                                "button_border_radius": {
                                    "unit": "px",
                                    "top": "0",
                                    "right": "0",
                                    "bottom": "0",
                                    "left": "0",
                                    "isLinked": true
                                },
                                "button_text_padding": {
                                    "unit": "px",
                                    "top": "10",
                                    "right": "45",
                                    "bottom": "10",
                                    "left": "45",
                                    "isLinked": false
                                },
                                "_margin": {
                                    "unit": "%",
                                    "top": "0",
                                    "right": "0",
                                    "bottom": "0",
                                    "left": "0",
                                    "isLinked": false
                                },
                                "_padding": {
                                    "unit": "px",
                                    "top": "0",
                                    "right": "0",
                                    "bottom": "0",
                                    "left": "20",
                                    "isLinked": false
                                },
                                "field_background_color": "#f6f0e7",
                                "button_align_mobile": "stretch",
                                "_padding_mobile": {
                                    "unit": "px",
                                    "top": "0",
                                    "right": "0",
                                    "bottom": "0",
                                    "left": "0",
                                    "isLinked": true
                                },
                                "button_hover_animation": "sink"
                            },
                            "elements": [],
                            "isInner": false,
                            "widgetType": "form",
                            "elType": "widget"
                        }
                    ],
                    "isInner": false,
                    "elType": "column"
                }
            ],
            "isInner": false,
            "elType": "section"
        }
    ]
}