{
    "version": "0.4",
    "title": "Event Single 1",
    "type": "section",
    "metadata": {
        "template_type": "section",
        "elementor_pro_required": false,
        "wp_page_template": "default"
    },
    "content": [
        {
            "id": "6b79ee09",
            "settings": {
                "background_position": "bottom right",
                "background_attachment": "fixed",
                "background_repeat": "no-repeat",
                "background_size": "cover",
                "background_overlay_background": "gradient",
                "background_overlay_color": "#d3b09c",
                "background_overlay_opacity": {
                    "unit": "px",
                    "size": 0
                },
                "padding": {
                    "unit": "px",
                    "top": "40",
                    "right": "0",
                    "bottom": "40",
                    "left": "0",
                    "isLinked": false
                },
                "content_width": {
                    "unit": "px",
                    "size": 1450
                },
                "gap": "wider",
                "height": "min-height",
                "custom_height": {
                    "unit": "vh",
                    "size": 25
                },
                "background_background": "classic",
                "background_color": "#ffffff",
                "background_overlay_color_stop": {
                    "unit": "%",
                    "size": 35
                },
                "background_overlay_color_b": "#d3dfe2",
                "background_overlay_gradient_angle": {
                    "unit": "deg",
                    "size": 100
                }
            },
            "elements": [
                {
                    "id": "245e05a9",
                    "settings": {
                        "_column_size": 100,
                        "space_between_widgets": 26,
                        "background_color": "#f9f9f9",
                        "padding": {
                            "unit": "px",
                            "top": "0",
                            "right": "0",
                            "bottom": "0",
                            "left": "0",
                            "isLinked": false
                        }
                    },
                    "elements": [
                        {
                            "id": "138b3cd3",
                            "settings": {
                                "content_width": {
                                    "unit": "px",
                                    "size": 639
                                }
                            },
                            "elements": [
                                {
                                    "id": "305e0afe",
                                    "settings": {
                                        "_column_size": 100,
                                        "_inline_size": null,
                                        "padding_mobile": {
                                            "unit": "em",
                                            "top": "1",
                                            "right": "1",
                                            "bottom": "1",
                                            "left": "1",
                                            "isLinked": true
                                        }
                                    },
                                    "elements": [
                                        {
                                            "id": "2684b0b3",
                                            "settings": {
                                                "title": "Book Reading @ East City Bookshop",
                                                "align": "center",
                                                "title_color": "#0c0c0c",
                                                "typography_typography": "custom",
                                                "typography_font_family": "Prata",
                                                "typography_font_size": {
                                                    "unit": "rem",
                                                    "size": 3.2000000000000002
                                                },
                                                "typography_font_weight": "400",
                                                "typography_line_height": {
                                                    "unit": "em",
                                                    "size": 1.3999999999999999
                                                },
                                                "typography_letter_spacing": {
                                                    "unit": "px",
                                                    "size": 0
                                                },
                                                "_padding": {
                                                    "unit": "px",
                                                    "top": "0",
                                                    "right": "0",
                                                    "bottom": "0",
                                                    "left": "0",
                                                    "isLinked": false
                                                },
                                                "header_size": "h1",
                                                "typography_font_size_mobile": {
                                                    "unit": "px",
                                                    "size": 40
                                                }
                                            },
                                            "elements": [],
                                            "isInner": false,
                                            "widgetType": "heading",
                                            "elType": "widget"
                                        },
                                        {
                                            "id": "60b6c0ec",
                                            "settings": {
                                                "text": "BACK TO ALL EVENTS",
                                                "align": "center",
                                                "typography_typography": "custom",
                                                "typography_font_family": "Karla",
                                                "typography_font_size": {
                                                    "unit": "px",
                                                    "size": 13
                                                },
                                                "typography_font_weight": "600",
                                                "typography_text_transform": "uppercase",
                                                "typography_letter_spacing": {
                                                    "unit": "px",
                                                    "size": 1
                                                },
                                                "button_text_color": "#0c0c0c",
                                                "background_color": "rgba(0,0,0,0)",
                                                "border_radius": {
                                                    "unit": "px",
                                                    "top": "0",
                                                    "right": "0",
                                                    "bottom": "0",
                                                    "left": "0",
                                                    "isLinked": false
                                                },
                                                "text_padding": {
                                                    "unit": "px",
                                                    "top": "0",
                                                    "right": "0",
                                                    "bottom": "08",
                                                    "left": "0",
                                                    "isLinked": false
                                                },
                                                "icon": "fa fa-angle-left",
                                                "hover_color": "#888888",
                                                "border_border": "solid",
                                                "border_width": {
                                                    "unit": "px",
                                                    "top": "0",
                                                    "right": "0",
                                                    "bottom": "1",
                                                    "left": "0",
                                                    "isLinked": false
                                                },
                                                "border_color": "rgba(100,115,130,0.39)",
                                                "selected_icon": {
                                                    "value": "fas fa-angle-left",
                                                    "library": "fa-solid"
                                                }
                                            },
                                            "elements": [],
                                            "isInner": false,
                                            "widgetType": "button",
                                            "elType": "widget"
                                        }
                                    ],
                                    "isInner": true,
                                    "elType": "column"
                                }
                            ],
                            "isInner": true,
                            "elType": "section"
                        }
                    ],
                    "isInner": false,
                    "elType": "column"
                }
            ],
            "isInner": false,
            "elType": "section"
        },
        {
            "id": "5bfb3a50",
            "settings": {
                "structure": "30",
                "padding": {
                    "unit": "px",
                    "top": "0",
                    "right": "0",
                    "bottom": "40",
                    "left": "0",
                    "isLinked": false
                },
                "background_background": "classic",
                "background_color": "#ffffff"
            },
            "elements": [
                {
                    "id": "22a89043",
                    "settings": {
                        "_column_size": 33,
                        "_inline_size": null,
                        "content_position": "center"
                    },
                    "elements": [
                        {
                            "id": "757f1ea1",
                            "settings": {
                                "image": {
                                    "url": "https:\/\/wp.envatoextensions.com\/kit-84\/wp-content\/uploads\/sites\/99\/2018\/10\/photo-1519609616053-af4bfa1f9391.jpeg",
                                    "id": 124
                                },
                                "image_size": "custom",
                                "image_custom_dimension": {
                                    "width": "600",
                                    "height": "800"
                                },
                                "css_filters_css_filter": "custom",
                                "css_filters_contrast": {
                                    "unit": "px",
                                    "size": 109
                                },
                                "css_filters_brightness": {
                                    "unit": "px",
                                    "size": 122
                                }
                            },
                            "elements": [],
                            "isInner": false,
                            "widgetType": "image",
                            "elType": "widget"
                        }
                    ],
                    "isInner": false,
                    "elType": "column"
                },
                {
                    "id": "6f7ab67",
                    "settings": {
                        "_column_size": 33,
                        "_inline_size": null,
                        "content_position": "center"
                    },
                    "elements": [
                        {
                            "id": "2310351b",
                            "settings": {
                                "image": {
                                    "url": "https:\/\/wp.envatoextensions.com\/kit-84\/wp-content\/uploads\/sites\/99\/2018\/11\/photo-1539014985496-4e160fa70298.jpeg",
                                    "id": 393
                                },
                                "image_size": "custom",
                                "image_custom_dimension": {
                                    "width": "600",
                                    "height": "600"
                                },
                                "_padding": {
                                    "unit": "px",
                                    "top": "0",
                                    "right": "0",
                                    "bottom": "0",
                                    "left": "0",
                                    "isLinked": false
                                },
                                "css_filters_css_filter": "custom",
                                "css_filters_brightness": {
                                    "unit": "px",
                                    "size": 130
                                },
                                "css_filters_hue": {
                                    "unit": "px",
                                    "size": 12
                                }
                            },
                            "elements": [],
                            "isInner": false,
                            "widgetType": "image",
                            "elType": "widget"
                        }
                    ],
                    "isInner": false,
                    "elType": "column"
                },
                {
                    "id": "23d89a4b",
                    "settings": {
                        "_column_size": 33,
                        "_inline_size": null,
                        "content_position": "center"
                    },
                    "elements": [
                        {
                            "id": "8358b3d",
                            "settings": {
                                "image": {
                                    "url": "https:\/\/wp.envatoextensions.com\/kit-84\/wp-content\/uploads\/sites\/99\/2018\/10\/photo-1524193982970-5273c9c11049.jpeg",
                                    "id": 128
                                },
                                "image_size": "custom",
                                "image_custom_dimension": {
                                    "width": "600",
                                    "height": "700"
                                },
                                "css_filters_css_filter": "custom",
                                "css_filters_brightness": {
                                    "unit": "px",
                                    "size": 117
                                },
                                "css_filters_contrast": {
                                    "unit": "px",
                                    "size": 92
                                }
                            },
                            "elements": [],
                            "isInner": false,
                            "widgetType": "image",
                            "elType": "widget"
                        }
                    ],
                    "isInner": false,
                    "elType": "column"
                }
            ],
            "isInner": false,
            "elType": "section"
        },
        {
            "id": "6b9167fd",
            "settings": {
                "gap": "wider",
                "structure": "20",
                "border_width": {
                    "unit": "px",
                    "top": "0",
                    "right": "0",
                    "bottom": "1",
                    "left": "0",
                    "isLinked": false
                },
                "border_color": "rgba(100,115,130,0.15)",
                "padding": {
                    "unit": "px",
                    "top": "0",
                    "right": "0",
                    "bottom": "40",
                    "left": "0",
                    "isLinked": false
                },
                "background_background": "classic",
                "background_color": "#ffffff"
            },
            "elements": [
                {
                    "id": "3f246c41",
                    "settings": {
                        "_column_size": 50,
                        "_inline_size": 39.825000000000003
                    },
                    "elements": [
                        {
                            "id": "1bea4c66",
                            "settings": {
                                "title": "Meet Sam",
                                "title_color": "#0c0c0c",
                                "typography_typography": "custom",
                                "typography_font_family": "Prata",
                                "typography_font_size": {
                                    "unit": "px",
                                    "size": 35
                                },
                                "typography_font_weight": "400",
                                "typography_line_height": {
                                    "unit": "em",
                                    "size": 1.3999999999999999
                                },
                                "typography_letter_spacing": {
                                    "unit": "px",
                                    "size": 0
                                },
                                "_padding": {
                                    "unit": "px",
                                    "top": "0",
                                    "right": "0",
                                    "bottom": "10",
                                    "left": "0",
                                    "isLinked": false
                                },
                                "align_mobile": "left",
                                "typography_font_size_mobile": {
                                    "unit": "px",
                                    "size": 30
                                }
                            },
                            "elements": [],
                            "isInner": false,
                            "widgetType": "heading",
                            "elType": "widget"
                        },
                        {
                            "id": "42a9a190",
                            "settings": {
                                "editor": "<p>Friday, March 31, 2017<br \/>7:00 PM 9:00 PM<\/p><p>Catonsville Historical Society<br \/>1824 Frederick Road Catonsville, MD, 21228\u00a0<\/p>",
                                "text_color": "#888888",
                                "typography_typography": "custom",
                                "typography_font_family": "Georgia",
                                "typography_font_size": {
                                    "unit": "px",
                                    "size": 16
                                },
                                "typography_line_height": {
                                    "unit": "px",
                                    "size": 28
                                },
                                "_margin": {
                                    "unit": "px",
                                    "top": "0",
                                    "right": "0",
                                    "bottom": "0",
                                    "left": "0",
                                    "isLinked": false
                                },
                                "_padding": {
                                    "unit": "px",
                                    "top": "0",
                                    "right": "0",
                                    "bottom": "0",
                                    "left": "0",
                                    "isLinked": false
                                }
                            },
                            "elements": [],
                            "isInner": false,
                            "widgetType": "text-editor",
                            "elType": "widget"
                        },
                        {
                            "id": "396f1324",
                            "settings": {
                                "text": "Get directions",
                                "typography_typography": "custom",
                                "typography_font_family": "Karla",
                                "typography_font_size": {
                                    "unit": "px",
                                    "size": 13
                                },
                                "typography_font_weight": "600",
                                "typography_text_transform": "uppercase",
                                "typography_letter_spacing": {
                                    "unit": "px",
                                    "size": 1
                                },
                                "button_text_color": "#0c0c0c",
                                "background_color": "rgba(0,0,0,0)",
                                "hover_color": "#888888",
                                "border_border": "solid",
                                "border_width": {
                                    "unit": "px",
                                    "top": "0",
                                    "right": "0",
                                    "bottom": "1",
                                    "left": "0",
                                    "isLinked": false
                                },
                                "border_color": "rgba(100,115,130,0.39)",
                                "border_radius": {
                                    "unit": "px",
                                    "top": "0",
                                    "right": "0",
                                    "bottom": "0",
                                    "left": "0",
                                    "isLinked": false
                                },
                                "text_padding": {
                                    "unit": "px",
                                    "top": "0",
                                    "right": "0",
                                    "bottom": "08",
                                    "left": "0",
                                    "isLinked": false
                                },
                                "link": {
                                    "url": "https:\/\/www.google.com\/maps",
                                    "is_external": "on",
                                    "nofollow": "on"
                                }
                            },
                            "elements": [],
                            "isInner": false,
                            "widgetType": "button",
                            "elType": "widget"
                        }
                    ],
                    "isInner": false,
                    "elType": "column"
                },
                {
                    "id": "3ea14fbe",
                    "settings": {
                        "_column_size": 50,
                        "_inline_size": 60.174999999999997,
                        "padding": {
                            "unit": "px",
                            "top": "020",
                            "right": "30",
                            "bottom": "30",
                            "left": "30",
                            "isLinked": false
                        }
                    },
                    "elements": [
                        {
                            "id": "5e3ac06b",
                            "settings": {
                                "editor": "<p>Come enjoy a glass of wine, nibble on some snacks, share conversation with book lovers, and take a look at the latest offerings from best-selling author.<\/p><p>Vestibulum lorem sed risus ultricies. Tellus integer feugiat scelerisque varius. Et molestie ac feugiat sed lectus vestibulum. Aliquet enim tortor at auctor urna nunc id. At in tellus integer feugiat scelerisque varius. Facilisi nullam vehicula ipsum a arcu cursus vitae congue. Arcu dui vivamus arcu felis bibendum. Egestas sed sed risus pretium quam vulputate dignissim suspendisse.<\/p><p>Cursus eget nunc scelerisque viverra. Mauris commodo quis imperdiet massa tincidunt nunc pulvinar sapien. Est placerat in egestas erat imperdiet sed euismod nisi.<\/p>",
                                "text_color": "#888888",
                                "typography_typography": "custom",
                                "typography_font_family": "Georgia",
                                "typography_font_size": {
                                    "unit": "px",
                                    "size": 16
                                },
                                "typography_line_height": {
                                    "unit": "px",
                                    "size": 28
                                },
                                "_margin": {
                                    "unit": "px",
                                    "top": "0",
                                    "right": "0",
                                    "bottom": "0",
                                    "left": "0",
                                    "isLinked": false
                                },
                                "_padding": {
                                    "unit": "px",
                                    "top": "0",
                                    "right": "0",
                                    "bottom": "0",
                                    "left": "0",
                                    "isLinked": false
                                }
                            },
                            "elements": [],
                            "isInner": false,
                            "widgetType": "text-editor",
                            "elType": "widget"
                        },
                        {
                            "id": "7ffe12a4",
                            "settings": {
                                "structure": "20"
                            },
                            "elements": [
                                {
                                    "id": "71c7da60",
                                    "settings": {
                                        "_column_size": 50,
                                        "_inline_size": null
                                    },
                                    "elements": [
                                        {
                                            "id": "473aa517",
                                            "settings": {
                                                "title": "Parking",
                                                "title_color": "#0c0c0c",
                                                "typography_typography": "custom",
                                                "typography_font_family": "Karla",
                                                "typography_font_size": {
                                                    "unit": "px",
                                                    "size": 15
                                                },
                                                "typography_font_weight": "600",
                                                "typography_text_transform": "uppercase",
                                                "typography_line_height": {
                                                    "unit": "em",
                                                    "size": 1.3999999999999999
                                                },
                                                "typography_letter_spacing": {
                                                    "unit": "px",
                                                    "size": 1
                                                },
                                                "_padding": {
                                                    "unit": "px",
                                                    "top": "0",
                                                    "right": "0",
                                                    "bottom": "5",
                                                    "left": "0",
                                                    "isLinked": false
                                                },
                                                "header_size": "h3"
                                            },
                                            "elements": [],
                                            "isInner": false,
                                            "widgetType": "heading",
                                            "elType": "widget"
                                        },
                                        {
                                            "id": "1611d561",
                                            "settings": {
                                                "editor": "<p>Across the street at the Oaks Club.<\/p>",
                                                "text_color": "#888888",
                                                "typography_typography": "custom",
                                                "typography_font_family": "Georgia",
                                                "typography_font_size": {
                                                    "unit": "px",
                                                    "size": 16
                                                },
                                                "typography_line_height": {
                                                    "unit": "px",
                                                    "size": 28
                                                },
                                                "_margin": {
                                                    "unit": "px",
                                                    "top": "0",
                                                    "right": "0",
                                                    "bottom": "0",
                                                    "left": "0",
                                                    "isLinked": false
                                                },
                                                "_padding": {
                                                    "unit": "px",
                                                    "top": "0",
                                                    "right": "0",
                                                    "bottom": "0",
                                                    "left": "0",
                                                    "isLinked": false
                                                }
                                            },
                                            "elements": [],
                                            "isInner": false,
                                            "widgetType": "text-editor",
                                            "elType": "widget"
                                        }
                                    ],
                                    "isInner": true,
                                    "elType": "column"
                                },
                                {
                                    "id": "b3c46a8",
                                    "settings": {
                                        "_column_size": 50,
                                        "_inline_size": null
                                    },
                                    "elements": [
                                        {
                                            "id": "5a906682",
                                            "settings": {
                                                "title": "Cost",
                                                "title_color": "#0c0c0c",
                                                "typography_typography": "custom",
                                                "typography_font_family": "Karla",
                                                "typography_font_size": {
                                                    "unit": "px",
                                                    "size": 15
                                                },
                                                "typography_font_weight": "600",
                                                "typography_text_transform": "uppercase",
                                                "typography_line_height": {
                                                    "unit": "em",
                                                    "size": 1.3999999999999999
                                                },
                                                "typography_letter_spacing": {
                                                    "unit": "px",
                                                    "size": 1
                                                },
                                                "_padding": {
                                                    "unit": "px",
                                                    "top": "0",
                                                    "right": "0",
                                                    "bottom": "5",
                                                    "left": "0",
                                                    "isLinked": false
                                                },
                                                "header_size": "h3"
                                            },
                                            "elements": [],
                                            "isInner": false,
                                            "widgetType": "heading",
                                            "elType": "widget"
                                        },
                                        {
                                            "id": "7aaa3dee",
                                            "settings": {
                                                "editor": "<p>Free and open to the public.<\/p>",
                                                "text_color": "#888888",
                                                "typography_typography": "custom",
                                                "typography_font_family": "Georgia",
                                                "typography_font_size": {
                                                    "unit": "px",
                                                    "size": 16
                                                },
                                                "typography_line_height": {
                                                    "unit": "px",
                                                    "size": 28
                                                },
                                                "_margin": {
                                                    "unit": "px",
                                                    "top": "0",
                                                    "right": "0",
                                                    "bottom": "0",
                                                    "left": "0",
                                                    "isLinked": false
                                                },
                                                "_padding": {
                                                    "unit": "px",
                                                    "top": "0",
                                                    "right": "0",
                                                    "bottom": "0",
                                                    "left": "0",
                                                    "isLinked": false
                                                }
                                            },
                                            "elements": [],
                                            "isInner": false,
                                            "widgetType": "text-editor",
                                            "elType": "widget"
                                        }
                                    ],
                                    "isInner": true,
                                    "elType": "column"
                                }
                            ],
                            "isInner": true,
                            "elType": "section"
                        }
                    ],
                    "isInner": false,
                    "elType": "column"
                }
            ],
            "isInner": false,
            "elType": "section"
        },
        {
            "id": "641383b0",
            "settings": {
                "structure": "20",
                "background_background": "classic",
                "background_color": "#f9f9f9",
                "padding": {
                    "unit": "px",
                    "top": "80",
                    "right": "0",
                    "bottom": "80",
                    "left": "0",
                    "isLinked": false
                },
                "padding_tablet": {
                    "unit": "em",
                    "top": "3",
                    "right": "3",
                    "bottom": "3",
                    "left": "3",
                    "isLinked": true
                },
                "padding_mobile": {
                    "unit": "em",
                    "top": "1",
                    "right": "1",
                    "bottom": "1",
                    "left": "1",
                    "isLinked": true
                }
            },
            "elements": [
                {
                    "id": "1e5e32ae",
                    "settings": {
                        "_column_size": 50,
                        "_inline_size": 51.579000000000001,
                        "content_position": "center"
                    },
                    "elements": [
                        {
                            "id": "3865c0df",
                            "settings": {
                                "title": "join the book lovers",
                                "title_color": "#bcbcbc",
                                "typography_typography": "custom",
                                "typography_font_family": "Karla",
                                "typography_font_size": {
                                    "unit": "px",
                                    "size": 15
                                },
                                "typography_font_weight": "600",
                                "typography_text_transform": "uppercase",
                                "typography_line_height": {
                                    "unit": "em",
                                    "size": 1.3999999999999999
                                },
                                "typography_letter_spacing": {
                                    "unit": "px",
                                    "size": 1
                                },
                                "_padding": {
                                    "unit": "px",
                                    "top": "5",
                                    "right": "0",
                                    "bottom": "0",
                                    "left": "0",
                                    "isLinked": false
                                },
                                "header_size": "h3",
                                "align_mobile": "center"
                            },
                            "elements": [],
                            "isInner": false,
                            "widgetType": "heading",
                            "elType": "widget"
                        },
                        {
                            "id": "499cb789",
                            "settings": {
                                "title": "Register for the Event",
                                "title_color": "#0c0c0c",
                                "typography_typography": "custom",
                                "typography_font_family": "Prata",
                                "typography_font_size": {
                                    "unit": "px",
                                    "size": 41
                                },
                                "typography_font_weight": "400",
                                "typography_line_height": {
                                    "unit": "em",
                                    "size": 1.3999999999999999
                                },
                                "typography_letter_spacing": {
                                    "unit": "px",
                                    "size": 0
                                },
                                "_padding": {
                                    "unit": "px",
                                    "top": "0",
                                    "right": "0",
                                    "bottom": "0",
                                    "left": "0",
                                    "isLinked": false
                                },
                                "align_mobile": "center",
                                "typography_font_size_mobile": {
                                    "unit": "px",
                                    "size": 35
                                }
                            },
                            "elements": [],
                            "isInner": false,
                            "widgetType": "heading",
                            "elType": "widget"
                        }
                    ],
                    "isInner": false,
                    "elType": "column"
                },
                {
                    "id": "51a0a86c",
                    "settings": {
                        "_column_size": 50,
                        "_inline_size": 48.420999999999999,
                        "content_position": "center"
                    },
                    "elements": [
                        {
                            "id": "6dc84caa",
                            "settings": {
                                "text": "Registration page",
                                "align": "right",
                                "size": "md",
                                "typography_typography": "custom",
                                "typography_font_family": "Karla",
                                "typography_font_size": {
                                    "unit": "px",
                                    "size": 13
                                },
                                "typography_font_weight": "700",
                                "typography_text_transform": "uppercase",
                                "typography_line_height": {
                                    "unit": "px",
                                    "size": 24
                                },
                                "typography_letter_spacing": {
                                    "unit": "px",
                                    "size": 1.6000000000000001
                                },
                                "button_text_color": "#ffffff",
                                "background_color": "#d2b29b",
                                "border_radius": {
                                    "unit": "px",
                                    "top": "0",
                                    "right": "0",
                                    "bottom": "0",
                                    "left": "0",
                                    "isLinked": true
                                },
                                "text_padding": {
                                    "unit": "px",
                                    "top": "15",
                                    "right": "35",
                                    "bottom": "15",
                                    "left": "41",
                                    "isLinked": false
                                },
                                "icon_align": "right",
                                "hover_color": "#ffffff",
                                "button_background_hover_color": "#000000",
                                "_padding": {
                                    "unit": "px",
                                    "top": "0",
                                    "right": "0",
                                    "bottom": "0",
                                    "left": "0",
                                    "isLinked": false
                                },
                                "icon_indent": {
                                    "unit": "px",
                                    "size": 9
                                },
                                "button_hover_border_color": "rgba(0,0,0,0.32)",
                                "border_border": "solid",
                                "border_width": {
                                    "unit": "px",
                                    "top": "1",
                                    "right": "1",
                                    "bottom": "1",
                                    "left": "1",
                                    "isLinked": true
                                },
                                "border_color": "#d2b29b",
                                "align_mobile": "justify"
                            },
                            "elements": [],
                            "isInner": false,
                            "widgetType": "button",
                            "elType": "widget"
                        }
                    ],
                    "isInner": false,
                    "elType": "column"
                }
            ],
            "isInner": false,
            "elType": "section"
        },
        {
            "id": "71562e71",
            "settings": {
                "content_width": {
                    "unit": "px",
                    "size": 700
                },
                "background_background": "classic",
                "background_color": "#d2b29b",
                "padding": {
                    "unit": "px",
                    "top": "120",
                    "right": "0",
                    "bottom": "110",
                    "left": "0",
                    "isLinked": false
                },
                "background_image": {
                    "url": "https:\/\/wp.envatoextensions.com\/kit-84\/wp-content\/uploads\/sites\/99\/2018\/10\/photo-1524193982970-5273c9c11049.jpeg",
                    "id": 128
                },
                "background_position": "center center",
                "background_attachment": "fixed",
                "background_repeat": "no-repeat",
                "background_size": "cover",
                "background_overlay_background": "gradient",
                "background_overlay_color": "#d2b29b",
                "background_overlay_opacity": {
                    "unit": "px",
                    "size": 0.94999999999999996
                },
                "background_overlay_color_b": "#d3dfe2",
                "background_overlay_gradient_angle": {
                    "unit": "deg",
                    "size": 130
                },
                "background_overlay_color_stop": {
                    "unit": "%",
                    "size": 23
                }
            },
            "elements": [
                {
                    "id": "450cefdb",
                    "settings": {
                        "_column_size": 100
                    },
                    "elements": [
                        {
                            "id": "172a59aa",
                            "settings": {
                                "title": "Social media",
                                "align": "center",
                                "title_color": "rgba(255,255,255,0.9)",
                                "typography_typography": "custom",
                                "typography_font_family": "Karla",
                                "typography_font_size": {
                                    "unit": "px",
                                    "size": 15
                                },
                                "typography_font_weight": "600",
                                "typography_text_transform": "uppercase",
                                "typography_line_height": {
                                    "unit": "em",
                                    "size": 1.3999999999999999
                                },
                                "typography_letter_spacing": {
                                    "unit": "px",
                                    "size": 1
                                },
                                "header_size": "h3"
                            },
                            "elements": [],
                            "isInner": false,
                            "widgetType": "heading",
                            "elType": "widget"
                        },
                        {
                            "id": "3bfa35b4",
                            "settings": {
                                "title": "Stay In Touch. I Love To Hear From Readers!",
                                "align": "center",
                                "title_color": "#ffffff",
                                "typography_typography": "custom",
                                "typography_font_family": "Prata",
                                "typography_font_size": {
                                    "unit": "px",
                                    "size": 50
                                },
                                "typography_font_weight": "400",
                                "typography_line_height": {
                                    "unit": "em",
                                    "size": 1.3999999999999999
                                },
                                "typography_letter_spacing": {
                                    "unit": "px",
                                    "size": 0
                                },
                                "_padding": {
                                    "unit": "px",
                                    "top": "15",
                                    "right": "0",
                                    "bottom": "20",
                                    "left": "0",
                                    "isLinked": false
                                },
                                "typography_font_size_mobile": {
                                    "unit": "px",
                                    "size": 35
                                }
                            },
                            "elements": [],
                            "isInner": false,
                            "widgetType": "heading",
                            "elType": "widget"
                        },
                        {
                            "id": "7f921511",
                            "settings": {
                                "social_icon_list": [
                                    {
                                        "social": "fa fa-facebook",
                                        "_id": "7969a91",
                                        "link": {
                                            "url": "",
                                            "is_external": "true",
                                            "nofollow": ""
                                        }
                                    },
                                    {
                                        "social": "fa fa-twitter",
                                        "_id": "c1518e8",
                                        "link": {
                                            "url": "",
                                            "is_external": "true",
                                            "nofollow": ""
                                        }
                                    },
                                    {
                                        "social": "fa fa-google-plus",
                                        "_id": "1f3bfc5",
                                        "link": {
                                            "url": "",
                                            "is_external": "true",
                                            "nofollow": ""
                                        }
                                    },
                                    {
                                        "social": "fa fa-instagram",
                                        "_id": "7700fd5",
                                        "link": {
                                            "url": "",
                                            "is_external": "true",
                                            "nofollow": ""
                                        }
                                    },
                                    {
                                        "social": "fa fa-pinterest",
                                        "_id": "e69e6bb",
                                        "link": {
                                            "url": "",
                                            "is_external": "true",
                                            "nofollow": ""
                                        }
                                    }
                                ],
                                "shape": "circle",
                                "icon_color": "custom",
                                "icon_primary_color": "#000000",
                                "icon_secondary_color": "#ffffff",
                                "icon_size": {
                                    "unit": "px",
                                    "size": 19
                                },
                                "icon_padding": {
                                    "unit": "em",
                                    "size": 1.1000000000000001
                                },
                                "icon_spacing": {
                                    "unit": "px",
                                    "size": 8
                                },
                                "hover_primary_color": "#d2b29b",
                                "hover_secondary_color": "#ffffff",
                                "icon_size_mobile": {
                                    "unit": "px",
                                    "size": 15
                                },
                                "hover_animation": "sink"
                            },
                            "elements": [],
                            "isInner": false,
                            "widgetType": "social-icons",
                            "elType": "widget"
                        }
                    ],
                    "isInner": false,
                    "elType": "column"
                }
            ],
            "isInner": false,
            "elType": "section"
        }
    ]
}