{
    "version": "0.4",
    "title": "Event Single 2 &#8211; Pro",
    "type": "section",
    "metadata": {
        "template_type": "section",
        "elementor_pro_required": true,
        "wp_page_template": "default"
    },
    "content": [
        {
            "id": "701e2d73",
            "settings": {
                "content_width": {
                    "unit": "px",
                    "size": 500
                },
                "margin": {
                    "unit": "px",
                    "top": "0",
                    "right": 0,
                    "bottom": "0",
                    "left": 0,
                    "isLinked": false
                }
            },
            "elements": [
                {
                    "id": "5a8cbdd1",
                    "settings": {
                        "_column_size": 100
                    },
                    "elements": [
                        {
                            "id": "18435c49",
                            "settings": {
                                "title": "Sam Booker",
                                "align": "center",
                                "title_color": "#ffffff",
                                "typography_typography": "custom",
                                "typography_font_family": "Josefin Sans",
                                "typography_font_size": {
                                    "unit": "px",
                                    "size": 18
                                },
                                "typography_font_weight": "700",
                                "typography_line_height": {
                                    "unit": "em",
                                    "size": 1.3
                                },
                                "typography_letter_spacing": {
                                    "unit": "px",
                                    "size": 10
                                },
                                "_padding": {
                                    "unit": "px",
                                    "top": "30",
                                    "right": "0",
                                    "bottom": "0",
                                    "left": "0",
                                    "isLinked": false
                                },
                                "typography_text_transform": "uppercase",
                                "_margin": {
                                    "unit": "px",
                                    "top": "0",
                                    "right": "0",
                                    "bottom": "-32",
                                    "left": "0",
                                    "isLinked": false
                                },
                                "_z_index": 999,
                                "hide_mobile": "hidden-phone"
                            },
                            "elements": [],
                            "isInner": false,
                            "widgetType": "heading",
                            "elType": "widget"
                        }
                    ],
                    "isInner": false,
                    "elType": "column"
                }
            ],
            "isInner": false,
            "elType": "section"
        },
        {
            "id": "700a449a",
            "settings": {
                "background_background": "classic",
                "background_position": "center center",
                "background_attachment": "fixed",
                "background_repeat": "no-repeat",
                "background_size": "cover",
                "background_overlay_background": "classic",
                "background_overlay_color": "#dfe3e8",
                "background_overlay_opacity": {
                    "unit": "px",
                    "size": 0
                },
                "padding": {
                    "unit": "px",
                    "top": "0",
                    "right": "0",
                    "bottom": "0",
                    "left": "0",
                    "isLinked": false
                },
                "layout": "full_width",
                "height": "min-height",
                "column_position": "stretch",
                "margin": {
                    "unit": "px",
                    "top": "-41",
                    "right": 0,
                    "bottom": "0",
                    "left": 0,
                    "isLinked": false
                },
                "custom_height": {
                    "unit": "vh",
                    "size": 100
                },
                "content_position": "middle"
            },
            "elements": [
                {
                    "id": "1c82344e",
                    "settings": {
                        "_column_size": 100,
                        "space_between_widgets": 26,
                        "background_color": "#f9f9f9",
                        "padding": {
                            "unit": "px",
                            "top": "0",
                            "right": "0",
                            "bottom": "0",
                            "left": "0",
                            "isLinked": false
                        },
                        "content_position": "center",
                        "background_background": "classic",
                        "background_image": {
                            "url": "https:\/\/wp.envatoextensions.com\/kit-84\/wp-content\/uploads\/sites\/99\/2018\/10\/photo-1505664063603-28e48ca204eb.jpeg",
                            "id": 134
                        },
                        "background_position": "center center",
                        "background_repeat": "no-repeat",
                        "background_size": "cover",
                        "background_overlay_background": "classic",
                        "background_overlay_color": "#232323",
                        "background_overlay_opacity": {
                            "unit": "px",
                            "size": 0.57999999999999996
                        }
                    },
                    "elements": [
                        {
                            "id": "6280514",
                            "settings": {
                                "padding": {
                                    "unit": "px",
                                    "top": "80",
                                    "right": "0",
                                    "bottom": "0",
                                    "left": "0",
                                    "isLinked": false
                                },
                                "gap": "wider",
                                "structure": "20"
                            },
                            "elements": [
                                {
                                    "id": "1af4c0cd",
                                    "settings": {
                                        "_column_size": 50,
                                        "_inline_size": 41.140000000000001,
                                        "padding_mobile": {
                                            "unit": "px",
                                            "top": "20",
                                            "right": "20",
                                            "bottom": "20",
                                            "left": "20",
                                            "isLinked": true
                                        }
                                    },
                                    "elements": [
                                        {
                                            "id": "5b09fcff",
                                            "settings": {
                                                "title": "register for event",
                                                "align": "right",
                                                "title_color": "rgba(255,255,255,0.91)",
                                                "typography_typography": "custom",
                                                "typography_font_family": "Karla",
                                                "typography_font_size": {
                                                    "unit": "px",
                                                    "size": 15
                                                },
                                                "typography_font_weight": "600",
                                                "typography_text_transform": "uppercase",
                                                "typography_line_height": {
                                                    "unit": "em",
                                                    "size": 1.3999999999999999
                                                },
                                                "typography_letter_spacing": {
                                                    "unit": "px",
                                                    "size": 1
                                                },
                                                "_padding": {
                                                    "unit": "px",
                                                    "top": "0",
                                                    "right": "0",
                                                    "bottom": "5",
                                                    "left": "0",
                                                    "isLinked": false
                                                },
                                                "align_mobile": "center"
                                            },
                                            "elements": [],
                                            "isInner": false,
                                            "widgetType": "heading",
                                            "elType": "widget"
                                        },
                                        {
                                            "id": "4ed06b98",
                                            "settings": {
                                                "title": "Book Reading @ East City Bookshop\u200b",
                                                "align": "right",
                                                "title_color": "#ffffff",
                                                "typography_typography": "custom",
                                                "typography_font_family": "Prata",
                                                "typography_font_size": {
                                                    "unit": "px",
                                                    "size": 53
                                                },
                                                "typography_font_weight": "400",
                                                "typography_line_height": {
                                                    "unit": "em",
                                                    "size": 1.2
                                                },
                                                "typography_letter_spacing": {
                                                    "unit": "px",
                                                    "size": 0
                                                },
                                                "_padding": {
                                                    "unit": "px",
                                                    "top": "0",
                                                    "right": "0",
                                                    "bottom": "0",
                                                    "left": "0",
                                                    "isLinked": false
                                                },
                                                "typography_text_transform": "capitalize",
                                                "align_mobile": "center",
                                                "typography_font_size_mobile": {
                                                    "unit": "px",
                                                    "size": 30
                                                }
                                            },
                                            "elements": [],
                                            "isInner": false,
                                            "widgetType": "heading",
                                            "elType": "widget"
                                        },
                                        {
                                            "id": "6ee741f4",
                                            "settings": {
                                                "social_icon_list": [
                                                    {
                                                        "social": "fa fa-facebook",
                                                        "_id": "7969a91",
                                                        "link": {
                                                            "url": "",
                                                            "is_external": "true",
                                                            "nofollow": ""
                                                        },
                                                        "social_icon": {
                                                            "value": "fab fa-wordpress",
                                                            "library": "fa-brands"
                                                        },
                                                        "item_icon_color": "default",
                                                        "item_icon_primary_color": "",
                                                        "item_icon_secondary_color": ""
                                                    },
                                                    {
                                                        "social": "fa fa-twitter",
                                                        "_id": "c1518e8",
                                                        "link": {
                                                            "url": "",
                                                            "is_external": "true",
                                                            "nofollow": ""
                                                        },
                                                        "social_icon": {
                                                            "value": "fab fa-wordpress",
                                                            "library": "fa-brands"
                                                        },
                                                        "item_icon_color": "default",
                                                        "item_icon_primary_color": "",
                                                        "item_icon_secondary_color": ""
                                                    },
                                                    {
                                                        "social": "fa fa-wordpress",
                                                        "link": {
                                                            "url": "",
                                                            "is_external": "true",
                                                            "nofollow": ""
                                                        },
                                                        "_id": "526cd45",
                                                        "social_icon": {
                                                            "value": "fab fa-wordpress",
                                                            "library": "fa-brands"
                                                        },
                                                        "item_icon_color": "default",
                                                        "item_icon_primary_color": "",
                                                        "item_icon_secondary_color": ""
                                                    },
                                                    {
                                                        "social": "fa fa-instagram",
                                                        "link": {
                                                            "url": "",
                                                            "is_external": "true",
                                                            "nofollow": ""
                                                        },
                                                        "_id": "81e4573",
                                                        "social_icon": {
                                                            "value": "fab fa-wordpress",
                                                            "library": "fa-brands"
                                                        },
                                                        "item_icon_color": "default",
                                                        "item_icon_primary_color": "",
                                                        "item_icon_secondary_color": ""
                                                    },
                                                    {
                                                        "social": "fa fa-medium",
                                                        "link": {
                                                            "url": "",
                                                            "is_external": "true",
                                                            "nofollow": ""
                                                        },
                                                        "_id": "c5eed34",
                                                        "social_icon": {
                                                            "value": "fab fa-wordpress",
                                                            "library": "fa-brands"
                                                        },
                                                        "item_icon_color": "default",
                                                        "item_icon_primary_color": "",
                                                        "item_icon_secondary_color": ""
                                                    }
                                                ],
                                                "shape": "circle",
                                                "icon_color": "custom",
                                                "icon_primary_color": "rgba(255,255,255,0)",
                                                "icon_secondary_color": "#ffffff",
                                                "icon_size": {
                                                    "unit": "px",
                                                    "size": 15
                                                },
                                                "icon_padding": {
                                                    "unit": "em",
                                                    "size": 0.5
                                                },
                                                "icon_spacing": {
                                                    "unit": "px",
                                                    "size": 0
                                                },
                                                "hover_primary_color": "rgba(255,255,255,0)",
                                                "hover_secondary_color": "#ffffff",
                                                "hover_animation": "pop",
                                                "align": "right",
                                                "align_mobile": "center"
                                            },
                                            "elements": [],
                                            "isInner": false,
                                            "widgetType": "social-icons",
                                            "elType": "widget"
                                        }
                                    ],
                                    "isInner": true,
                                    "elType": "column"
                                },
                                {
                                    "id": "5a5ef88b",
                                    "settings": {
                                        "_column_size": 50,
                                        "_inline_size": 58.859999999999999,
                                        "padding_mobile": {
                                            "unit": "em",
                                            "top": "",
                                            "right": "",
                                            "bottom": "",
                                            "left": "",
                                            "isLinked": true
                                        }
                                    },
                                    "elements": [
                                        {
                                            "id": "50ba2cbb",
                                            "settings": {
                                                "form_name": "New Form",
                                                "form_fields": [
                                                    {
                                                        "_id": "5a68f7f",
                                                        "field_type": "select",
                                                        "required": "true",
                                                        "field_label": "Select an Event",
                                                        "placeholder": "Subject",
                                                        "width": "100",
                                                        "field_value": "",
                                                        "min_date": "",
                                                        "max_date": "",
                                                        "field_options": "Select an Event\nBook Reading at East City Bookshop\nLiterary Fest at the Gaithersburg\nBethesda Literary Festival\nThrillerfest Literary - New York\nFest of the Words Washington\nMystery Authors Festival",
                                                        "allow_multiple": "",
                                                        "select_size": "",
                                                        "inline_list": "",
                                                        "field_html": "",
                                                        "width_tablet": "",
                                                        "width_mobile": "",
                                                        "rows": 4,
                                                        "recaptcha_size": "normal",
                                                        "recaptcha_style": "light",
                                                        "css_classes": "",
                                                        "custom_id": "5a68f7f",
                                                        "recaptcha_badge": "bottomright"
                                                    },
                                                    {
                                                        "_id": "50eb6d6",
                                                        "field_type": "text",
                                                        "required": "true",
                                                        "field_label": "",
                                                        "placeholder": "First Name",
                                                        "width": "50",
                                                        "field_value": "",
                                                        "min_date": "",
                                                        "max_date": "",
                                                        "field_options": "",
                                                        "allow_multiple": "",
                                                        "select_size": "",
                                                        "inline_list": "",
                                                        "field_html": "",
                                                        "width_tablet": "",
                                                        "width_mobile": "",
                                                        "rows": 4,
                                                        "recaptcha_size": "normal",
                                                        "recaptcha_style": "light",
                                                        "css_classes": "",
                                                        "custom_id": "50eb6d6",
                                                        "recaptcha_badge": "bottomright"
                                                    },
                                                    {
                                                        "_id": "e59544d",
                                                        "field_type": "text",
                                                        "required": "true",
                                                        "field_label": "",
                                                        "placeholder": "Surname",
                                                        "width": "50",
                                                        "field_value": "",
                                                        "min_date": "",
                                                        "max_date": "",
                                                        "field_options": "",
                                                        "allow_multiple": "",
                                                        "select_size": "",
                                                        "inline_list": "",
                                                        "field_html": "",
                                                        "width_tablet": "",
                                                        "width_mobile": "",
                                                        "rows": 4,
                                                        "recaptcha_size": "normal",
                                                        "recaptcha_style": "light",
                                                        "css_classes": "",
                                                        "custom_id": "e59544d",
                                                        "recaptcha_badge": "bottomright"
                                                    },
                                                    {
                                                        "_id": "f819222",
                                                        "field_type": "tel",
                                                        "required": "true",
                                                        "field_label": "",
                                                        "placeholder": "Phone",
                                                        "width": "50",
                                                        "field_value": "",
                                                        "min_date": "",
                                                        "max_date": "",
                                                        "field_options": "",
                                                        "allow_multiple": "",
                                                        "select_size": "",
                                                        "inline_list": "",
                                                        "field_html": "",
                                                        "width_tablet": "",
                                                        "width_mobile": "",
                                                        "rows": 4,
                                                        "recaptcha_size": "normal",
                                                        "recaptcha_style": "light",
                                                        "css_classes": "",
                                                        "custom_id": "f819222",
                                                        "recaptcha_badge": "bottomright"
                                                    },
                                                    {
                                                        "_id": "0358c7f",
                                                        "field_type": "email",
                                                        "required": "true",
                                                        "field_label": "",
                                                        "placeholder": "Email Address",
                                                        "width": "50",
                                                        "field_value": "",
                                                        "min_date": "",
                                                        "max_date": "",
                                                        "field_options": "",
                                                        "allow_multiple": "",
                                                        "select_size": "",
                                                        "inline_list": "",
                                                        "field_html": "",
                                                        "width_tablet": "",
                                                        "width_mobile": "",
                                                        "rows": 4,
                                                        "recaptcha_size": "normal",
                                                        "recaptcha_style": "light",
                                                        "css_classes": "",
                                                        "custom_id": "0358c7f",
                                                        "recaptcha_badge": "bottomright"
                                                    }
                                                ],
                                                "show_labels": "",
                                                "button_text": "Register",
                                                "button_width": "",
                                                "email_content": "[all-fields]",
                                                "email_content_2": "[all-fields]",
                                                "success_message": "The form was sent successfully.",
                                                "error_message": "An error occured.",
                                                "required_field_message": "This field is required.",
                                                "invalid_message": "There's something wrong. The form is invalid.",
                                                "column_gap": {
                                                    "unit": "px",
                                                    "size": 20
                                                },
                                                "row_gap": {
                                                    "unit": "px",
                                                    "size": 20
                                                },
                                                "field_text_color": "#3a3a3a",
                                                "field_typography_typography": "custom",
                                                "field_typography_font_family": "Lora",
                                                "field_typography_font_size": {
                                                    "unit": "px",
                                                    "size": 14.5
                                                },
                                                "field_typography_line_height": {
                                                    "unit": "px",
                                                    "size": 40
                                                },
                                                "field_border_color": "rgba(129,138,145,0.24)",
                                                "field_border_width": {
                                                    "unit": "px",
                                                    "top": "0",
                                                    "right": "0",
                                                    "bottom": "0",
                                                    "left": "0",
                                                    "isLinked": true
                                                },
                                                "field_border_radius": {
                                                    "unit": "px",
                                                    "top": "0",
                                                    "right": "0",
                                                    "bottom": "0",
                                                    "left": "0",
                                                    "isLinked": true
                                                },
                                                "button_background_color": "#d2b29b",
                                                "button_text_color": "#ffffff",
                                                "button_typography_typography": "custom",
                                                "button_typography_font_family": "Karla",
                                                "button_typography_font_size": {
                                                    "unit": "px",
                                                    "size": 13
                                                },
                                                "button_typography_font_weight": "700",
                                                "button_typography_text_transform": "uppercase",
                                                "button_typography_line_height": {
                                                    "unit": "px",
                                                    "size": 34
                                                },
                                                "button_typography_letter_spacing": {
                                                    "unit": "px",
                                                    "size": 1.5
                                                },
                                                "button_border_radius": {
                                                    "unit": "px",
                                                    "top": "0",
                                                    "right": "0",
                                                    "bottom": "0",
                                                    "left": "0",
                                                    "isLinked": true
                                                },
                                                "button_text_padding": {
                                                    "unit": "px",
                                                    "top": "10",
                                                    "right": "45",
                                                    "bottom": "10",
                                                    "left": "45",
                                                    "isLinked": false
                                                },
                                                "_margin": {
                                                    "unit": "%",
                                                    "top": "0",
                                                    "right": "0",
                                                    "bottom": "0",
                                                    "left": "0",
                                                    "isLinked": false
                                                },
                                                "_padding": {
                                                    "unit": "px",
                                                    "top": "0",
                                                    "right": "0",
                                                    "bottom": "0",
                                                    "left": "0",
                                                    "isLinked": false
                                                },
                                                "button_align_mobile": "stretch"
                                            },
                                            "elements": [],
                                            "isInner": false,
                                            "widgetType": "form",
                                            "elType": "widget"
                                        }
                                    ],
                                    "isInner": true,
                                    "elType": "column"
                                }
                            ],
                            "isInner": true,
                            "elType": "section"
                        }
                    ],
                    "isInner": false,
                    "elType": "column"
                }
            ],
            "isInner": false,
            "elType": "section"
        },
        {
            "id": "550b2d1d",
            "settings": {
                "gap": "wider",
                "structure": "20",
                "border_width": {
                    "unit": "px",
                    "top": "0",
                    "right": "0",
                    "bottom": "1",
                    "left": "0",
                    "isLinked": false
                },
                "border_color": "rgba(100,115,130,0.15)",
                "padding": {
                    "unit": "px",
                    "top": "100",
                    "right": "0",
                    "bottom": "40",
                    "left": "0",
                    "isLinked": false
                },
                "padding_mobile": {
                    "unit": "em",
                    "top": "1",
                    "right": "1",
                    "bottom": "1",
                    "left": "1",
                    "isLinked": true
                },
                "background_background": "classic",
                "background_color": "#ffffff"
            },
            "elements": [
                {
                    "id": "6e30383a",
                    "settings": {
                        "_column_size": 50,
                        "_inline_size": 39.825000000000003
                    },
                    "elements": [
                        {
                            "id": "72632388",
                            "settings": {
                                "title": "Meet Sam",
                                "title_color": "#0c0c0c",
                                "typography_typography": "custom",
                                "typography_font_family": "Prata",
                                "typography_font_size": {
                                    "unit": "px",
                                    "size": 35
                                },
                                "typography_font_weight": "400",
                                "typography_line_height": {
                                    "unit": "em",
                                    "size": 1.3999999999999999
                                },
                                "typography_letter_spacing": {
                                    "unit": "px",
                                    "size": 0
                                },
                                "_padding": {
                                    "unit": "px",
                                    "top": "0",
                                    "right": "0",
                                    "bottom": "10",
                                    "left": "0",
                                    "isLinked": false
                                },
                                "align_mobile": "left",
                                "typography_font_size_mobile": {
                                    "unit": "px",
                                    "size": 30
                                }
                            },
                            "elements": [],
                            "isInner": false,
                            "widgetType": "heading",
                            "elType": "widget"
                        },
                        {
                            "id": "620eee0b",
                            "settings": {
                                "editor": "<p>Friday, March 31, 2017<br \/>7:00 PM 9:00 PM<\/p><p>Catonsville Historical Society<br \/>1824 Frederick Road Catonsville, MD, 21228\u00a0<\/p>",
                                "text_color": "#888888",
                                "typography_typography": "custom",
                                "typography_font_family": "Georgia",
                                "typography_font_size": {
                                    "unit": "px",
                                    "size": 16
                                },
                                "typography_line_height": {
                                    "unit": "px",
                                    "size": 28
                                },
                                "_margin": {
                                    "unit": "px",
                                    "top": "0",
                                    "right": "0",
                                    "bottom": "0",
                                    "left": "0",
                                    "isLinked": false
                                },
                                "_padding": {
                                    "unit": "px",
                                    "top": "0",
                                    "right": "0",
                                    "bottom": "0",
                                    "left": "0",
                                    "isLinked": false
                                }
                            },
                            "elements": [],
                            "isInner": false,
                            "widgetType": "text-editor",
                            "elType": "widget"
                        },
                        {
                            "id": "1aec2cc8",
                            "settings": {
                                "text": "Get directions",
                                "typography_typography": "custom",
                                "typography_font_family": "Karla",
                                "typography_font_size": {
                                    "unit": "px",
                                    "size": 13
                                },
                                "typography_font_weight": "600",
                                "typography_text_transform": "uppercase",
                                "typography_letter_spacing": {
                                    "unit": "px",
                                    "size": 1
                                },
                                "button_text_color": "#0c0c0c",
                                "background_color": "rgba(0,0,0,0)",
                                "hover_color": "#888888",
                                "border_border": "solid",
                                "border_width": {
                                    "unit": "px",
                                    "top": "0",
                                    "right": "0",
                                    "bottom": "1",
                                    "left": "0",
                                    "isLinked": false
                                },
                                "border_color": "rgba(100,115,130,0.39)",
                                "border_radius": {
                                    "unit": "px",
                                    "top": "0",
                                    "right": "0",
                                    "bottom": "0",
                                    "left": "0",
                                    "isLinked": false
                                },
                                "text_padding": {
                                    "unit": "px",
                                    "top": "0",
                                    "right": "0",
                                    "bottom": "08",
                                    "left": "0",
                                    "isLinked": false
                                },
                                "link": {
                                    "url": "https:\/\/www.google.com\/maps",
                                    "is_external": "on",
                                    "nofollow": "on"
                                }
                            },
                            "elements": [],
                            "isInner": false,
                            "widgetType": "button",
                            "elType": "widget"
                        }
                    ],
                    "isInner": false,
                    "elType": "column"
                },
                {
                    "id": "3830ffa9",
                    "settings": {
                        "_column_size": 50,
                        "_inline_size": 60.174999999999997,
                        "padding": {
                            "unit": "px",
                            "top": "020",
                            "right": "30",
                            "bottom": "30",
                            "left": "30",
                            "isLinked": false
                        }
                    },
                    "elements": [
                        {
                            "id": "57779a08",
                            "settings": {
                                "editor": "<p>Come enjoy a glass of wine, nibble on some snacks, share conversation with book lovers, and take a look at the latest offerings from best-selling author.<\/p><p>Vestibulum lorem sed risus ultricies. Tellus integer feugiat scelerisque varius. Et molestie ac feugiat sed lectus vestibulum. Aliquet enim tortor at auctor urna nunc id. At in tellus integer feugiat scelerisque varius. Facilisi nullam vehicula ipsum a arcu cursus vitae congue. Arcu dui vivamus arcu felis bibendum. Egestas sed sed risus pretium quam vulputate dignissim suspendisse.<\/p><p>Cursus eget nunc scelerisque viverra. Mauris commodo quis imperdiet massa tincidunt nunc pulvinar sapien. Est placerat in egestas erat imperdiet sed euismod nisi.<\/p>",
                                "text_color": "#888888",
                                "typography_typography": "custom",
                                "typography_font_family": "Georgia",
                                "typography_font_size": {
                                    "unit": "px",
                                    "size": 16
                                },
                                "typography_line_height": {
                                    "unit": "px",
                                    "size": 28
                                },
                                "_margin": {
                                    "unit": "px",
                                    "top": "0",
                                    "right": "0",
                                    "bottom": "0",
                                    "left": "0",
                                    "isLinked": false
                                },
                                "_padding": {
                                    "unit": "px",
                                    "top": "0",
                                    "right": "0",
                                    "bottom": "0",
                                    "left": "0",
                                    "isLinked": false
                                }
                            },
                            "elements": [],
                            "isInner": false,
                            "widgetType": "text-editor",
                            "elType": "widget"
                        },
                        {
                            "id": "3071bff8",
                            "settings": {
                                "structure": "20"
                            },
                            "elements": [
                                {
                                    "id": "3f9b4e71",
                                    "settings": {
                                        "_column_size": 50,
                                        "_inline_size": null
                                    },
                                    "elements": [
                                        {
                                            "id": "57683a65",
                                            "settings": {
                                                "title": "Parking",
                                                "title_color": "#0c0c0c",
                                                "typography_typography": "custom",
                                                "typography_font_family": "Karla",
                                                "typography_font_size": {
                                                    "unit": "px",
                                                    "size": 15
                                                },
                                                "typography_font_weight": "600",
                                                "typography_text_transform": "uppercase",
                                                "typography_line_height": {
                                                    "unit": "em",
                                                    "size": 1.3999999999999999
                                                },
                                                "typography_letter_spacing": {
                                                    "unit": "px",
                                                    "size": 1
                                                },
                                                "_padding": {
                                                    "unit": "px",
                                                    "top": "0",
                                                    "right": "0",
                                                    "bottom": "5",
                                                    "left": "0",
                                                    "isLinked": false
                                                },
                                                "header_size": "h3"
                                            },
                                            "elements": [],
                                            "isInner": false,
                                            "widgetType": "heading",
                                            "elType": "widget"
                                        },
                                        {
                                            "id": "1f62d52f",
                                            "settings": {
                                                "editor": "<p>Across the street at the Oaks Club.<\/p>",
                                                "text_color": "#888888",
                                                "typography_typography": "custom",
                                                "typography_font_family": "Georgia",
                                                "typography_font_size": {
                                                    "unit": "px",
                                                    "size": 16
                                                },
                                                "typography_line_height": {
                                                    "unit": "px",
                                                    "size": 28
                                                },
                                                "_margin": {
                                                    "unit": "px",
                                                    "top": "0",
                                                    "right": "0",
                                                    "bottom": "0",
                                                    "left": "0",
                                                    "isLinked": false
                                                },
                                                "_padding": {
                                                    "unit": "px",
                                                    "top": "0",
                                                    "right": "0",
                                                    "bottom": "0",
                                                    "left": "0",
                                                    "isLinked": false
                                                }
                                            },
                                            "elements": [],
                                            "isInner": false,
                                            "widgetType": "text-editor",
                                            "elType": "widget"
                                        }
                                    ],
                                    "isInner": true,
                                    "elType": "column"
                                },
                                {
                                    "id": "21239b80",
                                    "settings": {
                                        "_column_size": 50,
                                        "_inline_size": null
                                    },
                                    "elements": [
                                        {
                                            "id": "6d199fc5",
                                            "settings": {
                                                "title": "Cost",
                                                "title_color": "#0c0c0c",
                                                "typography_typography": "custom",
                                                "typography_font_family": "Karla",
                                                "typography_font_size": {
                                                    "unit": "px",
                                                    "size": 15
                                                },
                                                "typography_font_weight": "600",
                                                "typography_text_transform": "uppercase",
                                                "typography_line_height": {
                                                    "unit": "em",
                                                    "size": 1.3999999999999999
                                                },
                                                "typography_letter_spacing": {
                                                    "unit": "px",
                                                    "size": 1
                                                },
                                                "_padding": {
                                                    "unit": "px",
                                                    "top": "0",
                                                    "right": "0",
                                                    "bottom": "5",
                                                    "left": "0",
                                                    "isLinked": false
                                                },
                                                "header_size": "h3"
                                            },
                                            "elements": [],
                                            "isInner": false,
                                            "widgetType": "heading",
                                            "elType": "widget"
                                        },
                                        {
                                            "id": "2792cb10",
                                            "settings": {
                                                "editor": "<p>Free and open to the public.<\/p>",
                                                "text_color": "#888888",
                                                "typography_typography": "custom",
                                                "typography_font_family": "Georgia",
                                                "typography_font_size": {
                                                    "unit": "px",
                                                    "size": 16
                                                },
                                                "typography_line_height": {
                                                    "unit": "px",
                                                    "size": 28
                                                },
                                                "_margin": {
                                                    "unit": "px",
                                                    "top": "0",
                                                    "right": "0",
                                                    "bottom": "0",
                                                    "left": "0",
                                                    "isLinked": false
                                                },
                                                "_padding": {
                                                    "unit": "px",
                                                    "top": "0",
                                                    "right": "0",
                                                    "bottom": "0",
                                                    "left": "0",
                                                    "isLinked": false
                                                }
                                            },
                                            "elements": [],
                                            "isInner": false,
                                            "widgetType": "text-editor",
                                            "elType": "widget"
                                        }
                                    ],
                                    "isInner": true,
                                    "elType": "column"
                                }
                            ],
                            "isInner": true,
                            "elType": "section"
                        }
                    ],
                    "isInner": false,
                    "elType": "column"
                }
            ],
            "isInner": false,
            "elType": "section"
        },
        {
            "id": "628ad358",
            "settings": {
                "content_width": {
                    "unit": "px",
                    "size": 700
                },
                "background_background": "classic",
                "background_color": "#d2b29b",
                "padding": {
                    "unit": "px",
                    "top": "120",
                    "right": "0",
                    "bottom": "110",
                    "left": "0",
                    "isLinked": false
                },
                "background_image": {
                    "url": "https:\/\/wp.envatoextensions.com\/kit-84\/wp-content\/uploads\/sites\/99\/2018\/11\/photo-1539014985496-4e160fa70298.jpeg",
                    "id": 393
                },
                "background_position": "bottom center",
                "background_attachment": "fixed",
                "background_repeat": "no-repeat",
                "background_size": "cover",
                "background_overlay_background": "gradient",
                "background_overlay_color": "#d2b29b",
                "background_overlay_color_stop": {
                    "unit": "%",
                    "size": 23
                },
                "background_overlay_color_b": "#d3dfe2",
                "background_overlay_gradient_angle": {
                    "unit": "deg",
                    "size": 130
                },
                "background_overlay_opacity": {
                    "unit": "px",
                    "size": 0.94999999999999996
                }
            },
            "elements": [
                {
                    "id": "6f8f05e7",
                    "settings": {
                        "_column_size": 100
                    },
                    "elements": [
                        {
                            "id": "2dace52",
                            "settings": {
                                "title": "don't miss out",
                                "align": "center",
                                "title_color": "rgba(255,255,255,0.9)",
                                "typography_typography": "custom",
                                "typography_font_family": "Karla",
                                "typography_font_size": {
                                    "unit": "px",
                                    "size": 15
                                },
                                "typography_font_weight": "600",
                                "typography_text_transform": "uppercase",
                                "typography_line_height": {
                                    "unit": "em",
                                    "size": 1.3999999999999999
                                },
                                "typography_letter_spacing": {
                                    "unit": "px",
                                    "size": 1
                                },
                                "header_size": "h3"
                            },
                            "elements": [],
                            "isInner": false,
                            "widgetType": "heading",
                            "elType": "widget"
                        },
                        {
                            "id": "2dd47949",
                            "settings": {
                                "title": "Get Notified for upcoming events",
                                "align": "center",
                                "title_color": "#ffffff",
                                "typography_typography": "custom",
                                "typography_font_family": "Prata",
                                "typography_font_size": {
                                    "unit": "px",
                                    "size": 54
                                },
                                "typography_font_weight": "400",
                                "typography_line_height": {
                                    "unit": "em",
                                    "size": 1.3999999999999999
                                },
                                "typography_letter_spacing": {
                                    "unit": "px",
                                    "size": 0
                                },
                                "_padding": {
                                    "unit": "px",
                                    "top": "15",
                                    "right": "0",
                                    "bottom": "20",
                                    "left": "0",
                                    "isLinked": false
                                },
                                "typography_text_transform": "capitalize",
                                "typography_font_size_mobile": {
                                    "unit": "px",
                                    "size": 35
                                }
                            },
                            "elements": [],
                            "isInner": false,
                            "widgetType": "heading",
                            "elType": "widget"
                        },
                        {
                            "id": "31a5d406",
                            "settings": {
                                "form_name": "New Form",
                                "form_fields": [
                                    {
                                        "_id": "0358c7f",
                                        "field_type": "email",
                                        "required": "true",
                                        "field_label": "",
                                        "placeholder": "Enter email address",
                                        "width": "66",
                                        "field_value": "",
                                        "min_date": "",
                                        "max_date": "",
                                        "field_options": "",
                                        "allow_multiple": "",
                                        "select_size": "",
                                        "inline_list": "",
                                        "field_html": "",
                                        "width_tablet": "",
                                        "width_mobile": "",
                                        "rows": 4,
                                        "recaptcha_size": "normal",
                                        "recaptcha_style": "light",
                                        "css_classes": "",
                                        "custom_id": "0358c7f",
                                        "recaptcha_badge": "bottomright"
                                    }
                                ],
                                "show_labels": "",
                                "button_text": "Notify me",
                                "button_width": "33",
                                "button_align": "start",
                                "email_content": "[all-fields]",
                                "email_content_2": "[all-fields]",
                                "success_message": "The form was sent successfully.",
                                "error_message": "An error occured.",
                                "required_field_message": "This field is required.",
                                "invalid_message": "There's something wrong. The form is invalid.",
                                "column_gap": {
                                    "unit": "px",
                                    "size": 16
                                },
                                "row_gap": {
                                    "unit": "px",
                                    "size": 0
                                },
                                "field_text_color": "#444444",
                                "field_typography_typography": "custom",
                                "field_typography_font_family": "Georgia",
                                "field_typography_font_size": {
                                    "unit": "px",
                                    "size": 14.4
                                },
                                "field_typography_line_height": {
                                    "unit": "px",
                                    "size": 41
                                },
                                "field_border_color": "rgba(129,138,145,0.14)",
                                "field_border_width": {
                                    "unit": "px",
                                    "top": "0",
                                    "right": "0",
                                    "bottom": "0",
                                    "left": "0",
                                    "isLinked": true
                                },
                                "field_border_radius": {
                                    "unit": "px",
                                    "top": "0",
                                    "right": "0",
                                    "bottom": "0",
                                    "left": "0",
                                    "isLinked": true
                                },
                                "button_background_color": "#0c0c0c",
                                "button_text_color": "#ffffff",
                                "button_typography_typography": "custom",
                                "button_typography_font_family": "Karla",
                                "button_typography_font_size": {
                                    "unit": "px",
                                    "size": 13
                                },
                                "button_typography_font_weight": "700",
                                "button_typography_text_transform": "uppercase",
                                "button_typography_line_height": {
                                    "unit": "px",
                                    "size": 32
                                },
                                "button_typography_letter_spacing": {
                                    "unit": "px",
                                    "size": 1.5
                                },
                                "button_border_radius": {
                                    "unit": "px",
                                    "top": "0",
                                    "right": "0",
                                    "bottom": "0",
                                    "left": "0",
                                    "isLinked": true
                                },
                                "button_text_padding": {
                                    "unit": "px",
                                    "top": "10",
                                    "right": "45",
                                    "bottom": "10",
                                    "left": "45",
                                    "isLinked": false
                                },
                                "_margin": {
                                    "unit": "%",
                                    "top": "0",
                                    "right": "0",
                                    "bottom": "0",
                                    "left": "0",
                                    "isLinked": false
                                },
                                "_padding": {
                                    "unit": "px",
                                    "top": "0",
                                    "right": "0",
                                    "bottom": "0",
                                    "left": "32",
                                    "isLinked": false
                                },
                                "field_background_color": "#f6f0e7",
                                "button_align_mobile": "stretch",
                                "_padding_mobile": {
                                    "unit": "px",
                                    "top": "0",
                                    "right": "0",
                                    "bottom": "0",
                                    "left": "0",
                                    "isLinked": true
                                },
                                "button_hover_animation": "float"
                            },
                            "elements": [],
                            "isInner": false,
                            "widgetType": "form",
                            "elType": "widget"
                        }
                    ],
                    "isInner": false,
                    "elType": "column"
                }
            ],
            "isInner": false,
            "elType": "section"
        }
    ]
}