{
    "version": "0.4",
    "title": "Excerpt 2 &#8211; Pro",
    "type": "section",
    "metadata": {
        "template_type": "section",
        "elementor_pro_required": true,
        "wp_page_template": "default"
    },
    "content": [
        {
            "id": "258e4087",
            "settings": {
                "background_background": "classic",
                "background_image": {
                    "url": "https:\/\/wp.envatoextensions.com\/kit-84\/wp-content\/uploads\/sites\/99\/2018\/10\/pexels-photo-459319.jpeg",
                    "id": 760
                },
                "background_position": "bottom center",
                "background_attachment": "fixed",
                "background_repeat": "no-repeat",
                "background_size": "cover",
                "background_overlay_background": "gradient",
                "background_overlay_color": "#d2b29b",
                "background_overlay_opacity": {
                    "unit": "px",
                    "size": 0.48999999999999999
                },
                "padding": {
                    "unit": "px",
                    "top": "120",
                    "right": "0",
                    "bottom": "110",
                    "left": "0",
                    "isLinked": false
                },
                "content_width": {
                    "unit": "px",
                    "size": 1001
                },
                "height": "min-height",
                "custom_height": {
                    "unit": "vh",
                    "size": 25
                },
                "background_color": "#d2b29b",
                "background_overlay_color_stop": {
                    "unit": "%",
                    "size": 23
                },
                "background_overlay_color_b": "#d3dfe2",
                "background_overlay_gradient_angle": {
                    "unit": "deg",
                    "size": 260
                }
            },
            "elements": [
                {
                    "id": "729c0f26",
                    "settings": {
                        "_column_size": 100,
                        "space_between_widgets": 26,
                        "background_color": "#f9f9f9",
                        "padding": {
                            "unit": "px",
                            "top": "0",
                            "right": "0",
                            "bottom": "0",
                            "left": "0",
                            "isLinked": false
                        }
                    },
                    "elements": [
                        {
                            "id": "2eff0984",
                            "settings": {
                                "content_width": {
                                    "unit": "px",
                                    "size": 500
                                },
                                "layout": "full_width"
                            },
                            "elements": [
                                {
                                    "id": "8ce65e2",
                                    "settings": {
                                        "_column_size": 100,
                                        "_inline_size": null
                                    },
                                    "elements": [
                                        {
                                            "id": "e611f08",
                                            "settings": {
                                                "title": "Sam Booker",
                                                "align": "center",
                                                "title_color": "#ffffff",
                                                "typography_typography": "custom",
                                                "typography_font_family": "Prata",
                                                "typography_font_size": {
                                                    "unit": "px",
                                                    "size": 26
                                                },
                                                "typography_font_weight": "400",
                                                "typography_line_height": {
                                                    "unit": "em",
                                                    "size": 1.3999999999999999
                                                },
                                                "typography_letter_spacing": {
                                                    "unit": "px",
                                                    "size": 0
                                                },
                                                "_padding": {
                                                    "unit": "px",
                                                    "top": "0",
                                                    "right": "0",
                                                    "bottom": "0",
                                                    "left": "0",
                                                    "isLinked": false
                                                },
                                                "header_size": "h1",
                                                "typography_font_size_mobile": {
                                                    "unit": "px",
                                                    "size": 45
                                                }
                                            },
                                            "elements": [],
                                            "isInner": false,
                                            "widgetType": "heading",
                                            "elType": "widget"
                                        },
                                        {
                                            "id": "9848937",
                                            "settings": {
                                                "title": "The Philosopher",
                                                "align": "center",
                                                "title_color": "#ffffff",
                                                "typography_typography": "custom",
                                                "typography_font_family": "Prata",
                                                "typography_font_size": {
                                                    "unit": "px",
                                                    "size": 66
                                                },
                                                "typography_font_weight": "400",
                                                "typography_line_height": {
                                                    "unit": "em",
                                                    "size": 1.3999999999999999
                                                },
                                                "typography_letter_spacing": {
                                                    "unit": "px",
                                                    "size": 0
                                                },
                                                "_padding": {
                                                    "unit": "px",
                                                    "top": "0",
                                                    "right": "0",
                                                    "bottom": "0",
                                                    "left": "0",
                                                    "isLinked": false
                                                },
                                                "header_size": "h1",
                                                "typography_font_size_mobile": {
                                                    "unit": "px",
                                                    "size": 45
                                                }
                                            },
                                            "elements": [],
                                            "isInner": false,
                                            "widgetType": "heading",
                                            "elType": "widget"
                                        },
                                        {
                                            "id": "4b5a8b0",
                                            "settings": {
                                                "title": "Chapter 1",
                                                "align": "center",
                                                "title_color": "#ffffff",
                                                "typography_typography": "custom",
                                                "typography_font_family": "Karla",
                                                "typography_font_size": {
                                                    "unit": "px",
                                                    "size": 16
                                                },
                                                "typography_font_weight": "400",
                                                "typography_text_transform": "uppercase",
                                                "typography_line_height": {
                                                    "unit": "em",
                                                    "size": 1.6000000000000001
                                                },
                                                "typography_letter_spacing": {
                                                    "unit": "px",
                                                    "size": 2.7000000000000002
                                                },
                                                "_padding": {
                                                    "unit": "px",
                                                    "top": "0",
                                                    "right": "0",
                                                    "bottom": "06",
                                                    "left": "0",
                                                    "isLinked": false
                                                },
                                                "_margin": {
                                                    "unit": "px",
                                                    "top": "-5",
                                                    "right": "0",
                                                    "bottom": "0",
                                                    "left": "0",
                                                    "isLinked": false
                                                }
                                            },
                                            "elements": [],
                                            "isInner": false,
                                            "widgetType": "heading",
                                            "elType": "widget"
                                        },
                                        {
                                            "id": "2b6bc145",
                                            "settings": {
                                                "text": "Buy on Amazon",
                                                "link": {
                                                    "url": "#",
                                                    "is_external": "on",
                                                    "nofollow": ""
                                                },
                                                "align": "center",
                                                "size": "md",
                                                "typography_typography": "custom",
                                                "typography_font_family": "Karla",
                                                "typography_font_size": {
                                                    "unit": "px",
                                                    "size": 13
                                                },
                                                "typography_font_weight": "700",
                                                "typography_text_transform": "uppercase",
                                                "typography_line_height": {
                                                    "unit": "px",
                                                    "size": 24
                                                },
                                                "typography_letter_spacing": {
                                                    "unit": "px",
                                                    "size": 1.6000000000000001
                                                },
                                                "button_text_color": "#ffffff",
                                                "background_color": "rgba(0,0,0,0.88)",
                                                "border_radius": {
                                                    "unit": "px",
                                                    "top": "0",
                                                    "right": "0",
                                                    "bottom": "0",
                                                    "left": "0",
                                                    "isLinked": true
                                                },
                                                "text_padding": {
                                                    "unit": "px",
                                                    "top": "15",
                                                    "right": "35",
                                                    "bottom": "15",
                                                    "left": "41",
                                                    "isLinked": false
                                                },
                                                "_padding": {
                                                    "unit": "px",
                                                    "top": "10",
                                                    "right": "0",
                                                    "bottom": "0",
                                                    "left": "0",
                                                    "isLinked": false
                                                },
                                                "hover_color": "#000000",
                                                "button_background_hover_color": "#ffffff",
                                                "border_border": "solid",
                                                "border_width": {
                                                    "unit": "px",
                                                    "top": "1",
                                                    "right": "1",
                                                    "bottom": "1",
                                                    "left": "1",
                                                    "isLinked": true
                                                },
                                                "border_color": "#0c0c0c",
                                                "icon_indent": {
                                                    "unit": "px",
                                                    "size": 9
                                                },
                                                "button_hover_border_color": "rgba(0,0,0,0.32)",
                                                "icon": "fa fa-amazon",
                                                "selected_icon": {
                                                    "value": "fab fa-amazon",
                                                    "library": "fa-brands"
                                                }
                                            },
                                            "elements": [],
                                            "isInner": false,
                                            "widgetType": "button",
                                            "elType": "widget"
                                        }
                                    ],
                                    "isInner": true,
                                    "elType": "column"
                                }
                            ],
                            "isInner": true,
                            "elType": "section"
                        }
                    ],
                    "isInner": false,
                    "elType": "column"
                }
            ],
            "isInner": false,
            "elType": "section"
        },
        {
            "id": "5751bd55",
            "settings": {
                "content_width": {
                    "unit": "px",
                    "size": 700
                },
                "padding": {
                    "unit": "px",
                    "top": "100",
                    "right": "0",
                    "bottom": "0",
                    "left": "0",
                    "isLinked": false
                },
                "background_background": "classic",
                "background_color": "#ffffff"
            },
            "elements": [
                {
                    "id": "5700b446",
                    "settings": {
                        "_column_size": 100,
                        "_inline_size": null
                    },
                    "elements": [
                        {
                            "id": "6eeee51f",
                            "settings": {
                                "editor": "<p>Blandit cursus risus at ultrices. Sem fringilla ut morbi tincidunt augue. Aliquet porttitor lacus luctus accumsan. Odio ut enim blandit volutpat. Eu tincidunt tortor aliquam nulla facilisi cras. In eu mi bibendum neque egestas congue quisque egestas diam.&nbsp;<\/p>\n<p>Nam at lectus urna duis convallis convallis tellus. Scelerisque mauris pellentesque pulvinar pellentesque habitant morbi. Viverra nibh cras pulvinar mattis nunc. Quam adipiscing vitae proin sagittis nisl rhoncus mattis rhoncus. nNulla pharetra diam sit amet. Non nisi est sit amet facilisis magna etiam. Quam adipiscing vitae proin sagittis nisl rhoncus.<\/p>\n<p>Molestie a iaculis at erat. Libero enim sed faucibus turpis in eu. Lectus proin nibh nisl condimentum id venenatis. Nec nam aliquam sem et tortor. Amet mauris commodo quis imperdiet massa tincidunt. Vestibulum lectus mauris ultrices eros in cursus turpis massa. Nibh venenatis cras sed felis eget velit aliquet. Enim facilisis gravida neque convallis a cras. Enim nunc faucibus a pellentesque sit amet. Ullamcorper morbi tincidunt ornare massa. Risus pretium quam vulputate dignissim suspendisse in est ante. Faucibus ornare suspendisse sed nisi lacus sed viverra. In egestas erat imperdiet sed euismod. Mauris augue neque gravida in fermentum et.<\/p>\n<p><\/p>",
                                "align": "left",
                                "text_color": "#888888",
                                "typography_typography": "custom",
                                "typography_font_family": "Georgia",
                                "typography_font_size": {
                                    "unit": "px",
                                    "size": 16
                                },
                                "typography_line_height": {
                                    "unit": "px",
                                    "size": 25
                                },
                                "_margin": {
                                    "unit": "px",
                                    "top": "0",
                                    "right": "0",
                                    "bottom": "0",
                                    "left": "0",
                                    "isLinked": false
                                },
                                "_padding": {
                                    "unit": "px",
                                    "top": "0",
                                    "right": "0",
                                    "bottom": "50",
                                    "left": "0",
                                    "isLinked": false
                                },
                                "typography_font_weight": "400",
                                "drop_cap": "yes",
                                "drop_cap_primary_color": "#000000",
                                "drop_cap_typography_typography": "custom",
                                "drop_cap_typography_font_family": "Prata",
                                "drop_cap_typography_line_height": {
                                    "unit": "em",
                                    "size": 0.80000000000000004
                                }
                            },
                            "elements": [],
                            "isInner": false,
                            "widgetType": "text-editor",
                            "elType": "widget"
                        }
                    ],
                    "isInner": false,
                    "elType": "column"
                }
            ],
            "isInner": false,
            "elType": "section"
        },
        {
            "id": "1943b0df",
            "settings": {
                "content_width": {
                    "unit": "px",
                    "size": 1440
                },
                "gap": "no",
                "structure": "20",
                "padding": {
                    "unit": "px",
                    "top": "0",
                    "right": "0",
                    "bottom": "100",
                    "left": "0",
                    "isLinked": false
                },
                "background_background": "classic",
                "background_color": "#ffffff"
            },
            "elements": [
                {
                    "id": "2ed70c39",
                    "settings": {
                        "_column_size": 50,
                        "_inline_size": 69.861999999999995,
                        "_inline_size_tablet": 100,
                        "_inline_size_mobile": 100,
                        "padding_tablet": {
                            "unit": "px",
                            "top": "20",
                            "right": "20",
                            "bottom": "20",
                            "left": "20",
                            "isLinked": true
                        },
                        "padding_mobile": {
                            "unit": "px",
                            "top": "20",
                            "right": "20",
                            "bottom": "20",
                            "left": "20",
                            "isLinked": true
                        },
                        "z_index": 1
                    },
                    "elements": [
                        {
                            "id": "585892b0",
                            "settings": {
                                "image": {
                                    "url": "https:\/\/wp.envatoextensions.com\/kit-84\/wp-content\/uploads\/sites\/99\/2018\/10\/book002.jpg",
                                    "id": 222
                                },
                                "image_size": "custom",
                                "image_custom_dimension": {
                                    "width": "1000",
                                    "height": "660"
                                },
                                "align": "left",
                                "css_filters_brightness": {
                                    "unit": "px",
                                    "size": 95
                                },
                                "css_filters_contrast": {
                                    "unit": "px",
                                    "size": 122
                                },
                                "css_filters_hue": {
                                    "unit": "px",
                                    "size": 352
                                },
                                "align_tablet": "center",
                                "css_filters_css_filter": "custom",
                                "css_filters_saturate": {
                                    "unit": "px",
                                    "size": 101
                                },
                                "_margin": {
                                    "unit": "px",
                                    "top": "0",
                                    "right": "0",
                                    "bottom": "0",
                                    "left": "0",
                                    "isLinked": false
                                }
                            },
                            "elements": [],
                            "isInner": false,
                            "widgetType": "image",
                            "elType": "widget"
                        },
                        {
                            "id": "3f7e29d5",
                            "settings": {
                                "content_width": {
                                    "unit": "px",
                                    "size": 753
                                },
                                "padding": {
                                    "unit": "px",
                                    "top": "50",
                                    "right": "0",
                                    "bottom": "0",
                                    "left": "40",
                                    "isLinked": false
                                },
                                "padding_mobile": {
                                    "unit": "px",
                                    "top": "0",
                                    "right": "0",
                                    "bottom": "0",
                                    "left": "0",
                                    "isLinked": true
                                }
                            },
                            "elements": [
                                {
                                    "id": "1623a595",
                                    "settings": {
                                        "_column_size": 100,
                                        "_inline_size": 92.828999999999994,
                                        "space_between_widgets": 10,
                                        "padding": {
                                            "unit": "%",
                                            "top": "0",
                                            "right": "20",
                                            "bottom": "0",
                                            "left": "0",
                                            "isLinked": false
                                        },
                                        "_inline_size_tablet": 87
                                    },
                                    "elements": [
                                        {
                                            "id": "7767b9bd",
                                            "settings": {
                                                "title": "Synopsis",
                                                "align": "left",
                                                "title_color": "#d2b29b",
                                                "typography_typography": "custom",
                                                "typography_font_family": "Karla",
                                                "typography_font_size": {
                                                    "unit": "px",
                                                    "size": 15
                                                },
                                                "typography_font_weight": "600",
                                                "typography_text_transform": "uppercase",
                                                "typography_line_height": {
                                                    "unit": "em",
                                                    "size": 1.3999999999999999
                                                },
                                                "typography_letter_spacing": {
                                                    "unit": "px",
                                                    "size": 1
                                                },
                                                "_padding": {
                                                    "unit": "px",
                                                    "top": "0",
                                                    "right": "0",
                                                    "bottom": "06",
                                                    "left": "0",
                                                    "isLinked": false
                                                },
                                                "header_size": "h3",
                                                "_margin": {
                                                    "unit": "px",
                                                    "top": "-5",
                                                    "right": "0",
                                                    "bottom": "0",
                                                    "left": "0",
                                                    "isLinked": false
                                                },
                                                "_padding_mobile": {
                                                    "unit": "px",
                                                    "top": "30",
                                                    "right": "0",
                                                    "bottom": "0",
                                                    "left": "0",
                                                    "isLinked": false
                                                }
                                            },
                                            "elements": [],
                                            "isInner": false,
                                            "widgetType": "heading",
                                            "elType": "widget"
                                        },
                                        {
                                            "id": "6684ed54",
                                            "settings": {
                                                "editor": "<p>Lorem ipsum dolor sit amet, consectetur adipiscing elit, sed do eiusmod tempor incididunt ut labore et dolore magna aliqua. Tincidunt dui ut ornare lectus sit amet est. Ultricies lacus sed turpis tincidunt id aliquet risus. Hac habitasse platea dictumst vestibulum rhoncus. Sed augue lacus viverra vitae congue eu consequat ac felis. Purus in mollis nunc sed.\u00a0<\/p>",
                                                "typography_typography": "custom",
                                                "typography_font_family": "Georgia",
                                                "typography_font_size": {
                                                    "unit": "px",
                                                    "size": 16
                                                },
                                                "typography_line_height": {
                                                    "unit": "px",
                                                    "size": 25
                                                },
                                                "_padding": {
                                                    "unit": "px",
                                                    "top": "0",
                                                    "right": "0",
                                                    "bottom": "0",
                                                    "left": "0",
                                                    "isLinked": false
                                                },
                                                "align": "left",
                                                "text_color": "#888888",
                                                "typography_font_weight": "400",
                                                "drop_cap_primary_color": "#000000",
                                                "drop_cap_typography_typography": "custom",
                                                "drop_cap_typography_font_family": "Prata",
                                                "drop_cap_typography_line_height": {
                                                    "unit": "em",
                                                    "size": 0.80000000000000004
                                                },
                                                "_margin": {
                                                    "unit": "px",
                                                    "top": "0",
                                                    "right": "0",
                                                    "bottom": "0",
                                                    "left": "0",
                                                    "isLinked": false
                                                }
                                            },
                                            "elements": [],
                                            "isInner": false,
                                            "widgetType": "text-editor",
                                            "elType": "widget"
                                        },
                                        {
                                            "id": "25f339b1",
                                            "settings": {
                                                "editor": "<p>$9.99 - $22.99<\/p>",
                                                "text_color": "#0c0c0c",
                                                "typography_typography": "custom",
                                                "typography_font_family": "Playfair Display",
                                                "typography_font_size": {
                                                    "unit": "px",
                                                    "size": 20
                                                },
                                                "typography_line_height": {
                                                    "unit": "px",
                                                    "size": 28
                                                },
                                                "_padding": {
                                                    "unit": "px",
                                                    "top": "0",
                                                    "right": "0",
                                                    "bottom": "0",
                                                    "left": "0",
                                                    "isLinked": false
                                                },
                                                "typography_font_weight": "600",
                                                "_margin": {
                                                    "unit": "px",
                                                    "top": "-10",
                                                    "right": "0",
                                                    "bottom": "0",
                                                    "left": "0",
                                                    "isLinked": false
                                                }
                                            },
                                            "elements": [],
                                            "isInner": false,
                                            "widgetType": "text-editor",
                                            "elType": "widget"
                                        },
                                        {
                                            "id": "4bb10c5f",
                                            "settings": {
                                                "text": "Read Sample",
                                                "link": {
                                                    "url": "#",
                                                    "is_external": "on",
                                                    "nofollow": ""
                                                },
                                                "align": "left",
                                                "size": "md",
                                                "typography_typography": "custom",
                                                "typography_font_family": "Karla",
                                                "typography_font_size": {
                                                    "unit": "px",
                                                    "size": 14
                                                },
                                                "typography_font_weight": "700",
                                                "typography_text_transform": "uppercase",
                                                "typography_line_height": {
                                                    "unit": "px",
                                                    "size": 20
                                                },
                                                "typography_letter_spacing": {
                                                    "unit": "px",
                                                    "size": 1
                                                },
                                                "button_text_color": "#000000",
                                                "background_color": "rgba(210,178,155,0)",
                                                "border_radius": {
                                                    "unit": "px",
                                                    "top": "0",
                                                    "right": "0",
                                                    "bottom": "0",
                                                    "left": "0",
                                                    "isLinked": true
                                                },
                                                "text_padding": {
                                                    "unit": "px",
                                                    "top": "15",
                                                    "right": "38",
                                                    "bottom": "15",
                                                    "left": "38",
                                                    "isLinked": false
                                                },
                                                "_padding": {
                                                    "unit": "px",
                                                    "top": "10",
                                                    "right": "0",
                                                    "bottom": "10",
                                                    "left": "0",
                                                    "isLinked": false
                                                },
                                                "hover_color": "#ffffff",
                                                "button_background_hover_color": "#000000",
                                                "hover_animation": "float",
                                                "border_border": "solid",
                                                "border_width": {
                                                    "unit": "px",
                                                    "top": "1",
                                                    "right": "1",
                                                    "bottom": "1",
                                                    "left": "1",
                                                    "isLinked": true
                                                },
                                                "border_color": "rgba(100,115,130,0.74)",
                                                "_margin": {
                                                    "unit": "px",
                                                    "top": "0",
                                                    "right": "0",
                                                    "bottom": "0",
                                                    "left": "0",
                                                    "isLinked": false
                                                },
                                                "_css_classes": "fa"
                                            },
                                            "elements": [],
                                            "isInner": false,
                                            "widgetType": "button",
                                            "elType": "widget"
                                        },
                                        {
                                            "id": "5394a370",
                                            "settings": {
                                                "text": "Buy on Amazon",
                                                "link": {
                                                    "url": "#",
                                                    "is_external": "on",
                                                    "nofollow": ""
                                                },
                                                "align": "right",
                                                "size": "md",
                                                "typography_typography": "custom",
                                                "typography_font_family": "Karla",
                                                "typography_font_size": {
                                                    "unit": "px",
                                                    "size": 14
                                                },
                                                "typography_font_weight": "700",
                                                "typography_text_transform": "uppercase",
                                                "typography_line_height": {
                                                    "unit": "px",
                                                    "size": 20
                                                },
                                                "typography_letter_spacing": {
                                                    "unit": "px",
                                                    "size": 1
                                                },
                                                "button_text_color": "#ffffff",
                                                "background_color": "#d2b29b",
                                                "border_radius": {
                                                    "unit": "px",
                                                    "top": "0",
                                                    "right": "0",
                                                    "bottom": "0",
                                                    "left": "0",
                                                    "isLinked": true
                                                },
                                                "text_padding": {
                                                    "unit": "px",
                                                    "top": "15",
                                                    "right": "38",
                                                    "bottom": "15",
                                                    "left": "38",
                                                    "isLinked": false
                                                },
                                                "_padding": {
                                                    "unit": "px",
                                                    "top": "10",
                                                    "right": "0",
                                                    "bottom": "10",
                                                    "left": "0",
                                                    "isLinked": false
                                                },
                                                "hover_color": "#ffffff",
                                                "button_background_hover_color": "#000000",
                                                "hover_animation": "float",
                                                "_margin": {
                                                    "unit": "px",
                                                    "top": "0",
                                                    "right": "15",
                                                    "bottom": "0",
                                                    "left": "15",
                                                    "isLinked": false
                                                },
                                                "_css_classes": "fa",
                                                "icon": "fa fa-amazon",
                                                "border_border": "solid",
                                                "border_width": {
                                                    "unit": "px",
                                                    "top": "1",
                                                    "right": "1",
                                                    "bottom": "1",
                                                    "left": "1",
                                                    "isLinked": true
                                                },
                                                "border_color": "rgba(100,115,130,0)",
                                                "selected_icon": {
                                                    "value": "fab fa-amazon",
                                                    "library": "fa-brands"
                                                }
                                            },
                                            "elements": [],
                                            "isInner": false,
                                            "widgetType": "button",
                                            "elType": "widget"
                                        }
                                    ],
                                    "isInner": true,
                                    "elType": "column"
                                }
                            ],
                            "isInner": true,
                            "elType": "section"
                        }
                    ],
                    "isInner": false,
                    "elType": "column"
                },
                {
                    "id": "51938de5",
                    "settings": {
                        "_column_size": 50,
                        "_inline_size": 30.138000000000002,
                        "margin": {
                            "unit": "px",
                            "top": "0",
                            "right": "0",
                            "bottom": "0",
                            "left": "0",
                            "isLinked": false
                        },
                        "_inline_size_tablet": 100,
                        "_inline_size_mobile": 100,
                        "margin_tablet": {
                            "unit": "px",
                            "top": "0",
                            "right": "0",
                            "bottom": "0",
                            "left": "0",
                            "isLinked": true
                        },
                        "margin_mobile": {
                            "unit": "px",
                            "top": "0",
                            "right": "0",
                            "bottom": "0",
                            "left": "0",
                            "isLinked": true
                        },
                        "padding_tablet": {
                            "unit": "px",
                            "top": "20",
                            "right": "20",
                            "bottom": "20",
                            "left": "20",
                            "isLinked": true
                        },
                        "padding_mobile": {
                            "unit": "px",
                            "top": "20",
                            "right": "20",
                            "bottom": "20",
                            "left": "20",
                            "isLinked": true
                        }
                    },
                    "elements": [
                        {
                            "id": "51057d8a",
                            "settings": {
                                "image": {
                                    "url": "https:\/\/wp.envatoextensions.com\/kit-84\/wp-content\/uploads\/sites\/99\/2018\/10\/pexels-photo-1572219.jpeg",
                                    "id": 761
                                },
                                "image_size": "custom",
                                "image_custom_dimension": {
                                    "width": "600",
                                    "height": "900"
                                },
                                "_margin": {
                                    "unit": "px",
                                    "top": "100",
                                    "right": "0",
                                    "bottom": "0",
                                    "left": "-120",
                                    "isLinked": false
                                },
                                "_padding": {
                                    "unit": "px",
                                    "top": "0",
                                    "right": "0",
                                    "bottom": "0",
                                    "left": "0",
                                    "isLinked": true
                                },
                                "align_tablet": "center",
                                "width": {
                                    "unit": "%",
                                    "size": 100
                                },
                                "css_filters_css_filter": "custom",
                                "css_filters_brightness": {
                                    "unit": "px",
                                    "size": 136
                                },
                                "css_filters_contrast": {
                                    "unit": "px",
                                    "size": 94
                                },
                                "css_filters_saturate": {
                                    "unit": "px",
                                    "size": 83
                                },
                                "css_filters_hue": {
                                    "unit": "px",
                                    "size": 6
                                },
                                "_z_index": 1
                            },
                            "elements": [],
                            "isInner": false,
                            "widgetType": "image",
                            "elType": "widget"
                        },
                        {
                            "id": "6be9b15e",
                            "settings": {
                                "image": {
                                    "url": "https:\/\/wp.envatoextensions.com\/kit-84\/wp-content\/uploads\/sites\/99\/2018\/10\/pexels-photo-432812.jpeg",
                                    "id": 759
                                },
                                "image_size": "custom",
                                "image_custom_dimension": {
                                    "width": "300",
                                    "height": "300"
                                },
                                "align": "left",
                                "_margin": {
                                    "unit": "px",
                                    "top": "80",
                                    "right": "0",
                                    "bottom": "0",
                                    "left": "-240",
                                    "isLinked": false
                                },
                                "align_tablet": "center",
                                "css_filters_css_filter": "custom",
                                "css_filters_brightness": {
                                    "unit": "px",
                                    "size": 125
                                },
                                "css_filters_contrast": {
                                    "unit": "px",
                                    "size": 83
                                },
                                "css_filters_saturate": {
                                    "unit": "px",
                                    "size": 62
                                }
                            },
                            "elements": [],
                            "isInner": false,
                            "widgetType": "image",
                            "elType": "widget"
                        }
                    ],
                    "isInner": false,
                    "elType": "column"
                }
            ],
            "isInner": false,
            "elType": "section"
        },
        {
            "id": "63c5f39",
            "settings": {
                "gap": "wider",
                "background_background": "classic",
                "background_color": "#f4f6f5",
                "border_border": "solid",
                "border_width": {
                    "unit": "px",
                    "top": "1",
                    "right": "0",
                    "bottom": "0",
                    "left": "0",
                    "isLinked": false
                },
                "border_color": "rgba(100,115,130,0.15)",
                "border_radius": {
                    "unit": "px",
                    "top": "0",
                    "right": "0",
                    "bottom": "0",
                    "left": "0",
                    "isLinked": true
                },
                "padding": {
                    "unit": "px",
                    "top": "50",
                    "right": "0",
                    "bottom": "50",
                    "left": "0",
                    "isLinked": false
                }
            },
            "elements": [
                {
                    "id": "5b4fa26",
                    "settings": {
                        "_column_size": 100,
                        "_inline_size": null
                    },
                    "elements": [
                        {
                            "id": "6aca80a1",
                            "settings": {
                                "slides": [
                                    {
                                        "content": "\"Lorem ipsum dolor sit amet, consectetur adipiscing elit. Ut elit tellus, luctus nec ullamcorper mattis, pulvinar dapibus.",
                                        "name": "Evelyn Duncan",
                                        "title": "USA Today",
                                        "image": {
                                            "url": "https:\/\/wp.envatoextensions.com\/kit-84\/wp-content\/uploads\/sites\/99\/2018\/10\/photo-1477597073867-a0c34dba8be5.jpeg",
                                            "id": 38
                                        },
                                        "_id": "9d92451"
                                    },
                                    {
                                        "content": "\"Viverra nibh cras pulvinar mattis nunc sed blandit libero volutpat. Rhoncus est pellentesque elit ullamcorper dignissim.\"",
                                        "name": "Kelli Marconi",
                                        "title": "Mashable",
                                        "image": {
                                            "url": "https:\/\/wp.envatoextensions.com\/kit-84\/wp-content\/uploads\/sites\/99\/2018\/10\/photo-1507495824097-640f1bdb48ad.jpeg",
                                            "id": 40
                                        },
                                        "_id": "96852da"
                                    },
                                    {
                                        "content": "\"Viverra nibh cras pulvinar mattis nunc sed blandit libero volutpat. Rhoncus est pellentesque elit ullamcorper dignissim.\"",
                                        "name": "Gerald Ellis",
                                        "title": "Elephant Journal",
                                        "image": {
                                            "url": "https:\/\/wp.envatoextensions.com\/kit-84\/wp-content\/uploads\/sites\/99\/2018\/10\/photo-1516218909879-00f3b98d138a.jpeg",
                                            "id": 34
                                        },
                                        "_id": "ad8e13a"
                                    }
                                ],
                                "slides_per_view": "3",
                                "slides_to_scroll": "2",
                                "width": {
                                    "unit": "%",
                                    "size": 100
                                },
                                "show_arrows": "",
                                "pagination": "fraction",
                                "content_gap": {
                                    "unit": "px",
                                    "size": 24
                                },
                                "content_color": "#828282",
                                "content_typography_typography": "custom",
                                "content_typography_font_family": "Georgia",
                                "content_typography_font_size": {
                                    "unit": "px",
                                    "size": 16
                                },
                                "content_typography_font_style": "oblique",
                                "content_typography_line_height": {
                                    "unit": "em",
                                    "size": 1.6000000000000001
                                },
                                "name_color": "#0f0f0f",
                                "name_typography_typography": "custom",
                                "name_typography_font_family": "Karla",
                                "name_typography_font_size": {
                                    "unit": "px",
                                    "size": 12
                                },
                                "name_typography_font_weight": "700",
                                "name_typography_text_transform": "uppercase",
                                "name_typography_font_style": "normal",
                                "name_typography_line_height": {
                                    "unit": "em",
                                    "size": 1.6000000000000001
                                },
                                "name_typography_letter_spacing": {
                                    "unit": "px",
                                    "size": 1
                                },
                                "title_color": "#111111",
                                "title_typography_typography": "custom",
                                "title_typography_font_family": "Karla",
                                "title_typography_font_size": {
                                    "unit": "px",
                                    "size": 12
                                },
                                "title_typography_font_weight": "500",
                                "title_typography_text_transform": "uppercase",
                                "title_typography_font_style": "oblique",
                                "title_typography_line_height": {
                                    "unit": "em",
                                    "size": 1.6000000000000001
                                },
                                "title_typography_letter_spacing": {
                                    "unit": "px",
                                    "size": 1
                                },
                                "image_size": {
                                    "unit": "px",
                                    "size": 44
                                },
                                "image_gap": {
                                    "unit": "px",
                                    "size": 16
                                },
                                "image_border_radius": {
                                    "unit": "px",
                                    "size": 100
                                },
                                "arrows_color": "#000000",
                                "pagination_color": "#111111"
                            },
                            "elements": [],
                            "isInner": false,
                            "widgetType": "testimonial-carousel",
                            "elType": "widget"
                        }
                    ],
                    "isInner": false,
                    "elType": "column"
                }
            ],
            "isInner": false,
            "elType": "section"
        },
        {
            "id": "7e6f2494",
            "settings": {
                "content_width": {
                    "unit": "px",
                    "size": 700
                },
                "background_background": "classic",
                "background_color": "#d2b29b",
                "padding": {
                    "unit": "px",
                    "top": "120",
                    "right": "0",
                    "bottom": "110",
                    "left": "0",
                    "isLinked": false
                },
                "background_image": {
                    "url": "https:\/\/wp.envatoextensions.com\/kit-84\/wp-content\/uploads\/sites\/99\/2018\/10\/photo-1530608031805-8e170c1b793a.jpeg",
                    "id": 137
                },
                "background_position": "bottom center",
                "background_repeat": "no-repeat",
                "background_size": "cover",
                "background_overlay_background": "gradient",
                "background_overlay_color": "#d2b29b",
                "background_overlay_opacity": {
                    "unit": "px",
                    "size": 0.94999999999999996
                },
                "background_attachment": "fixed",
                "background_overlay_color_stop": {
                    "unit": "%",
                    "size": 23
                },
                "background_overlay_color_b": "#d3dfe2",
                "background_overlay_gradient_angle": {
                    "unit": "deg",
                    "size": 130
                }
            },
            "elements": [
                {
                    "id": "13fecd0a",
                    "settings": {
                        "_column_size": 100
                    },
                    "elements": [
                        {
                            "id": "5d71c4ea",
                            "settings": {
                                "social_icon_list": [
                                    {
                                        "social": "fa fa-facebook",
                                        "_id": "7969a91",
                                        "link": {
                                            "url": "",
                                            "is_external": "true",
                                            "nofollow": ""
                                        }
                                    },
                                    {
                                        "social": "fa fa-twitter",
                                        "_id": "c1518e8",
                                        "link": {
                                            "url": "",
                                            "is_external": "true",
                                            "nofollow": ""
                                        }
                                    },
                                    {
                                        "social": "fa fa-google-plus",
                                        "_id": "1f3bfc5",
                                        "link": {
                                            "url": "",
                                            "is_external": "true",
                                            "nofollow": ""
                                        }
                                    },
                                    {
                                        "social": "fa fa-instagram",
                                        "_id": "7700fd5",
                                        "link": {
                                            "url": "",
                                            "is_external": "true",
                                            "nofollow": ""
                                        }
                                    },
                                    {
                                        "social": "fa fa-pinterest",
                                        "_id": "e69e6bb",
                                        "link": {
                                            "url": "",
                                            "is_external": "true",
                                            "nofollow": ""
                                        }
                                    }
                                ],
                                "shape": "circle",
                                "icon_color": "custom",
                                "icon_primary_color": "rgba(255,255,255,0)",
                                "icon_secondary_color": "#ffffff",
                                "icon_size": {
                                    "unit": "px",
                                    "size": 15
                                },
                                "icon_padding": {
                                    "unit": "em",
                                    "size": 0.69999999999999996
                                },
                                "icon_spacing": {
                                    "unit": "px",
                                    "size": 0
                                },
                                "hover_primary_color": "#0c0c0c",
                                "hover_secondary_color": "#ffffff"
                            },
                            "elements": [],
                            "isInner": false,
                            "widgetType": "social-icons",
                            "elType": "widget"
                        },
                        {
                            "id": "652b7568",
                            "settings": {
                                "title": "Hear Sam read it at Guthrie Memorial Library",
                                "align": "center",
                                "title_color": "#ffffff",
                                "typography_typography": "custom",
                                "typography_font_family": "Prata",
                                "typography_font_size": {
                                    "unit": "px",
                                    "size": 50
                                },
                                "typography_font_weight": "400",
                                "typography_line_height": {
                                    "unit": "em",
                                    "size": 1.3999999999999999
                                },
                                "typography_letter_spacing": {
                                    "unit": "px",
                                    "size": 0
                                },
                                "_padding": {
                                    "unit": "px",
                                    "top": "15",
                                    "right": "0",
                                    "bottom": "20",
                                    "left": "0",
                                    "isLinked": false
                                },
                                "typography_font_size_mobile": {
                                    "unit": "px",
                                    "size": 35
                                }
                            },
                            "elements": [],
                            "isInner": false,
                            "widgetType": "heading",
                            "elType": "widget"
                        },
                        {
                            "id": "8309f1e",
                            "settings": {
                                "text": "View Event",
                                "align": "center",
                                "size": "md",
                                "typography_typography": "custom",
                                "typography_font_family": "Karla",
                                "typography_font_size": {
                                    "unit": "px",
                                    "size": 13
                                },
                                "typography_font_weight": "700",
                                "typography_text_transform": "uppercase",
                                "typography_line_height": {
                                    "unit": "px",
                                    "size": 24
                                },
                                "typography_letter_spacing": {
                                    "unit": "px",
                                    "size": 1.6000000000000001
                                },
                                "button_text_color": "#0c0c0c",
                                "background_color": "rgba(255,255,255,0.88)",
                                "border_radius": {
                                    "unit": "px",
                                    "top": "0",
                                    "right": "0",
                                    "bottom": "0",
                                    "left": "0",
                                    "isLinked": true
                                },
                                "text_padding": {
                                    "unit": "px",
                                    "top": "15",
                                    "right": "45",
                                    "bottom": "15",
                                    "left": "45",
                                    "isLinked": false
                                },
                                "icon": "fa fa-angle-right",
                                "icon_align": "right",
                                "align_mobile": "center",
                                "hover_color": "#ffffff",
                                "button_background_hover_color": "#d2b29b",
                                "_padding": {
                                    "unit": "px",
                                    "top": "10",
                                    "right": "0",
                                    "bottom": "0",
                                    "left": "0",
                                    "isLinked": false
                                },
                                "selected_icon": {
                                    "value": "fas fa-angle-right",
                                    "library": "fa-solid"
                                }
                            },
                            "elements": [],
                            "isInner": false,
                            "widgetType": "button",
                            "elType": "widget"
                        }
                    ],
                    "isInner": false,
                    "elType": "column"
                }
            ],
            "isInner": false,
            "elType": "section"
        }
    ]
}