{
    "version": "0.4",
    "title": "Launching Soon &#8211; Pro",
    "type": "section",
    "metadata": {
        "template_type": "section",
        "elementor_pro_required": true,
        "wp_page_template": "default"
    },
    "content": [
        {
            "id": "6ba1dffa",
            "settings": {
                "margin": {
                    "unit": "px",
                    "top": "0",
                    "right": 0,
                    "bottom": "0",
                    "left": 0,
                    "isLinked": false
                },
                "hide_mobile": "hidden-phone"
            },
            "elements": [
                {
                    "id": "25577b96",
                    "settings": {
                        "_column_size": 100
                    },
                    "elements": [
                        {
                            "id": "345c3bf0",
                            "settings": {
                                "title": "Sam Booker",
                                "align": "center",
                                "title_color": "#ffffff",
                                "typography_typography": "custom",
                                "typography_font_family": "Karla",
                                "typography_font_size": {
                                    "unit": "px",
                                    "size": 20
                                },
                                "typography_font_weight": "900",
                                "typography_line_height": {
                                    "unit": "em",
                                    "size": 1.3
                                },
                                "typography_letter_spacing": {
                                    "unit": "px",
                                    "size": 10
                                },
                                "_padding": {
                                    "unit": "px",
                                    "top": "30",
                                    "right": "0",
                                    "bottom": "0",
                                    "left": "0",
                                    "isLinked": false
                                },
                                "typography_text_transform": "uppercase",
                                "_margin": {
                                    "unit": "px",
                                    "top": "0",
                                    "right": "0",
                                    "bottom": "-32",
                                    "left": "0",
                                    "isLinked": false
                                },
                                "_z_index": 999,
                                "hide_mobile": "hidden-phone"
                            },
                            "elements": [],
                            "isInner": false,
                            "widgetType": "heading",
                            "elType": "widget"
                        }
                    ],
                    "isInner": false,
                    "elType": "column"
                }
            ],
            "isInner": false,
            "elType": "section"
        },
        {
            "id": "44582e62",
            "settings": {
                "background_background": "classic",
                "background_position": "center center",
                "background_attachment": "fixed",
                "background_repeat": "no-repeat",
                "background_size": "cover",
                "background_overlay_background": "classic",
                "background_overlay_color": "#dfe3e8",
                "background_overlay_opacity": {
                    "unit": "px",
                    "size": 0
                },
                "padding": {
                    "unit": "px",
                    "top": "0",
                    "right": "0",
                    "bottom": "0",
                    "left": "0",
                    "isLinked": false
                },
                "layout": "full_width",
                "height": "min-height",
                "column_position": "stretch",
                "margin": {
                    "unit": "px",
                    "top": "-41",
                    "right": 0,
                    "bottom": "0",
                    "left": 0,
                    "isLinked": false
                },
                "custom_height": {
                    "unit": "vh",
                    "size": 100
                }
            },
            "elements": [
                {
                    "id": "2b0495ee",
                    "settings": {
                        "_column_size": 100,
                        "space_between_widgets": 26,
                        "background_color": "#f9f9f9",
                        "padding": {
                            "unit": "px",
                            "top": "0",
                            "right": "0",
                            "bottom": "0",
                            "left": "0",
                            "isLinked": false
                        },
                        "content_position": "center",
                        "background_background": "classic",
                        "background_image": {
                            "url": "https:\/\/wp.envatoextensions.com\/kit-84\/wp-content\/uploads\/sites\/99\/2018\/11\/photo-1539015437590-dd1730bb27c5.jpeg",
                            "id": 389
                        },
                        "background_position": "center center",
                        "background_repeat": "no-repeat",
                        "background_size": "cover",
                        "background_overlay_background": "classic",
                        "background_overlay_color": "#232323",
                        "background_overlay_opacity": {
                            "unit": "px",
                            "size": 0.20000000000000001
                        }
                    },
                    "elements": [
                        {
                            "id": "836daef",
                            "settings": {
                                "content_width": {
                                    "unit": "px",
                                    "size": 543
                                },
                                "padding": {
                                    "unit": "px",
                                    "top": "80",
                                    "right": "0",
                                    "bottom": "0",
                                    "left": "0",
                                    "isLinked": false
                                }
                            },
                            "elements": [
                                {
                                    "id": "52c261",
                                    "settings": {
                                        "_column_size": 100
                                    },
                                    "elements": [
                                        {
                                            "id": "306e2eae",
                                            "settings": {
                                                "due_date": "2019-10-04 19:26",
                                                "show_minutes": "",
                                                "show_seconds": "",
                                                "label_days": "Days",
                                                "label_hours": "Hours",
                                                "label_minutes": "Minutes",
                                                "label_seconds": "Seconds",
                                                "container_width": {
                                                    "unit": "%",
                                                    "size": 81
                                                },
                                                "box_background_color": "rgba(0,0,0,0)",
                                                "box_spacing": {
                                                    "unit": "px",
                                                    "size": 0
                                                },
                                                "digits_color": "#d2b29b",
                                                "digits_typography_typography": "custom",
                                                "digits_typography_font_family": "Prata",
                                                "digits_typography_font_size": {
                                                    "unit": "px",
                                                    "size": 108
                                                },
                                                "digits_typography_font_size_mobile": {
                                                    "unit": "px",
                                                    "size": 50
                                                },
                                                "digits_typography_font_weight": "900",
                                                "digits_typography_line_height": {
                                                    "unit": "em",
                                                    "size": 0.80000000000000004
                                                },
                                                "digits_typography_letter_spacing": {
                                                    "unit": "px",
                                                    "size": 0
                                                },
                                                "label_color": "rgba(255,255,255,0.91)",
                                                "label_typography_typography": "custom",
                                                "label_typography_font_family": "Karla",
                                                "label_typography_font_size": {
                                                    "unit": "px",
                                                    "size": 14
                                                },
                                                "label_typography_font_weight": "600",
                                                "label_typography_text_transform": "uppercase",
                                                "label_typography_line_height": {
                                                    "unit": "em",
                                                    "size": 1
                                                },
                                                "label_typography_letter_spacing": {
                                                    "unit": "px",
                                                    "size": 2
                                                },
                                                "_margin": {
                                                    "unit": "px",
                                                    "top": "-20",
                                                    "right": "0",
                                                    "bottom": "-20",
                                                    "left": "0",
                                                    "isLinked": false
                                                },
                                                "_padding": {
                                                    "unit": "px",
                                                    "top": "0",
                                                    "right": "0",
                                                    "bottom": "0",
                                                    "left": "0",
                                                    "isLinked": true
                                                }
                                            },
                                            "elements": [],
                                            "isInner": false,
                                            "widgetType": "countdown",
                                            "elType": "widget"
                                        },
                                        {
                                            "id": "58d3ed52",
                                            "settings": {
                                                "title": "Coming Soon",
                                                "align": "center",
                                                "title_color": "#ffffff",
                                                "typography_typography": "custom",
                                                "typography_font_family": "Prata",
                                                "typography_font_size": {
                                                    "unit": "px",
                                                    "size": 90
                                                },
                                                "typography_font_weight": "400",
                                                "typography_line_height": {
                                                    "unit": "em",
                                                    "size": 1.2
                                                },
                                                "typography_letter_spacing": {
                                                    "unit": "px",
                                                    "size": 0
                                                },
                                                "_padding": {
                                                    "unit": "px",
                                                    "top": "0",
                                                    "right": "0",
                                                    "bottom": "0",
                                                    "left": "0",
                                                    "isLinked": false
                                                },
                                                "header_size": "h1",
                                                "typography_font_size_mobile": {
                                                    "unit": "px",
                                                    "size": 45
                                                }
                                            },
                                            "elements": [],
                                            "isInner": false,
                                            "widgetType": "heading",
                                            "elType": "widget"
                                        },
                                        {
                                            "id": "40d88083",
                                            "settings": {
                                                "form_name": "New Form",
                                                "form_fields": [
                                                    {
                                                        "_id": "0358c7f",
                                                        "field_type": "email",
                                                        "required": "true",
                                                        "field_label": "",
                                                        "placeholder": "E-mail address",
                                                        "width": "75",
                                                        "field_value": "",
                                                        "min_date": "",
                                                        "max_date": "",
                                                        "field_options": "",
                                                        "allow_multiple": "",
                                                        "select_size": "",
                                                        "inline_list": "",
                                                        "field_html": "",
                                                        "width_tablet": "",
                                                        "width_mobile": "",
                                                        "rows": 4,
                                                        "recaptcha_size": "normal",
                                                        "recaptcha_style": "light",
                                                        "css_classes": "",
                                                        "custom_id": "0358c7f"
                                                    }
                                                ],
                                                "show_labels": "",
                                                "button_text": "Notify",
                                                "button_width": "25",
                                                "button_align": "start",
                                                "email_content": "[all-fields]",
                                                "email_content_2": "[all-fields]",
                                                "success_message": "The form was sent successfully.",
                                                "error_message": "An error occured.",
                                                "required_field_message": "This field is required.",
                                                "invalid_message": "There's something wrong. The form is invalid.",
                                                "column_gap": {
                                                    "unit": "px",
                                                    "size": 16
                                                },
                                                "row_gap": {
                                                    "unit": "px",
                                                    "size": 0
                                                },
                                                "field_text_color": "#444444",
                                                "field_typography_typography": "custom",
                                                "field_typography_font_family": "Georgia",
                                                "field_typography_font_size": {
                                                    "unit": "px",
                                                    "size": 14.4
                                                },
                                                "field_typography_line_height": {
                                                    "unit": "px",
                                                    "size": 41
                                                },
                                                "field_border_color": "rgba(129,138,145,0.14)",
                                                "field_border_width": {
                                                    "unit": "px",
                                                    "top": "0",
                                                    "right": "0",
                                                    "bottom": "0",
                                                    "left": "0",
                                                    "isLinked": true
                                                },
                                                "field_border_radius": {
                                                    "unit": "px",
                                                    "top": "0",
                                                    "right": "0",
                                                    "bottom": "0",
                                                    "left": "0",
                                                    "isLinked": true
                                                },
                                                "button_background_color": "#d2b29b",
                                                "button_text_color": "#ffffff",
                                                "button_typography_typography": "custom",
                                                "button_typography_font_family": "Karla",
                                                "button_typography_font_size": {
                                                    "unit": "px",
                                                    "size": 13
                                                },
                                                "button_typography_font_weight": "700",
                                                "button_typography_text_transform": "uppercase",
                                                "button_typography_line_height": {
                                                    "unit": "px",
                                                    "size": 32
                                                },
                                                "button_typography_letter_spacing": {
                                                    "unit": "px",
                                                    "size": 1.5
                                                },
                                                "button_border_radius": {
                                                    "unit": "px",
                                                    "top": "0",
                                                    "right": "0",
                                                    "bottom": "0",
                                                    "left": "0",
                                                    "isLinked": true
                                                },
                                                "button_text_padding": {
                                                    "unit": "px",
                                                    "top": "10",
                                                    "right": "45",
                                                    "bottom": "10",
                                                    "left": "45",
                                                    "isLinked": false
                                                },
                                                "_margin": {
                                                    "unit": "px",
                                                    "top": "0",
                                                    "right": "0",
                                                    "bottom": "0",
                                                    "left": "-10",
                                                    "isLinked": false
                                                },
                                                "_padding": {
                                                    "unit": "px",
                                                    "top": "10",
                                                    "right": "0",
                                                    "bottom": "0",
                                                    "left": "0",
                                                    "isLinked": false
                                                },
                                                "button_align_mobile": "stretch",
                                                "_margin_mobile": {
                                                    "unit": "px",
                                                    "top": "0",
                                                    "right": "0",
                                                    "bottom": "0",
                                                    "left": "0",
                                                    "isLinked": true
                                                },
                                                "_padding_mobile": {
                                                    "unit": "em",
                                                    "top": "1",
                                                    "right": "1",
                                                    "bottom": "1",
                                                    "left": "1",
                                                    "isLinked": true
                                                },
                                                "_padding_tablet": {
                                                    "unit": "em",
                                                    "top": "4",
                                                    "right": "4",
                                                    "bottom": "4",
                                                    "left": "4",
                                                    "isLinked": true
                                                }
                                            },
                                            "elements": [],
                                            "isInner": false,
                                            "widgetType": "form",
                                            "elType": "widget"
                                        },
                                        {
                                            "id": "6607bd53",
                                            "settings": {
                                                "social_icon_list": [
                                                    {
                                                        "social": "fa fa-facebook",
                                                        "_id": "7969a91",
                                                        "link": {
                                                            "url": "",
                                                            "is_external": "true",
                                                            "nofollow": ""
                                                        }
                                                    },
                                                    {
                                                        "social": "fa fa-twitter",
                                                        "_id": "c1518e8",
                                                        "link": {
                                                            "url": "",
                                                            "is_external": "true",
                                                            "nofollow": ""
                                                        }
                                                    },
                                                    {
                                                        "social": "fa fa-wordpress",
                                                        "link": {
                                                            "url": "",
                                                            "is_external": "true",
                                                            "nofollow": ""
                                                        },
                                                        "_id": "526cd45"
                                                    },
                                                    {
                                                        "social": "fa fa-instagram",
                                                        "link": {
                                                            "url": "",
                                                            "is_external": "true",
                                                            "nofollow": ""
                                                        },
                                                        "_id": "81e4573"
                                                    },
                                                    {
                                                        "social": "fa fa-medium",
                                                        "link": {
                                                            "url": "",
                                                            "is_external": "true",
                                                            "nofollow": ""
                                                        },
                                                        "_id": "c5eed34"
                                                    }
                                                ],
                                                "shape": "circle",
                                                "icon_color": "custom",
                                                "icon_primary_color": "rgba(255,255,255,0)",
                                                "icon_secondary_color": "#ffffff",
                                                "icon_size": {
                                                    "unit": "px",
                                                    "size": 15
                                                },
                                                "icon_padding": {
                                                    "unit": "em",
                                                    "size": 0.5
                                                },
                                                "icon_spacing": {
                                                    "unit": "px",
                                                    "size": 0
                                                },
                                                "hover_primary_color": "rgba(255,255,255,0)",
                                                "hover_secondary_color": "#ffffff",
                                                "hover_animation": "pop"
                                            },
                                            "elements": [],
                                            "isInner": false,
                                            "widgetType": "social-icons",
                                            "elType": "widget"
                                        }
                                    ],
                                    "isInner": true,
                                    "elType": "column"
                                }
                            ],
                            "isInner": true,
                            "elType": "section"
                        }
                    ],
                    "isInner": false,
                    "elType": "column"
                }
            ],
            "isInner": false,
            "elType": "section"
        }
    ]
}