{
    "version": "0.4",
    "title": "Popup",
    "type": "section",
    "metadata": {
        "template_type": "section",
        "elementor_pro_required": true,
        "wp_page_template": "default"
    },
    "content": [
        {
            "id": "139df6b5",
            "settings": {
                "content_width": {
                    "unit": "px",
                    "size": 640
                },
                "custom_height": {
                    "unit": "vh",
                    "size": 100
                },
                "padding_mobile": {
                    "unit": "em",
                    "top": "1",
                    "right": "1",
                    "bottom": "1",
                    "left": "1",
                    "isLinked": true
                },
                "layout": "full_width",
                "background_background": "classic",
                "background_color": "rgba(0,0,0,0)",
                "margin": {
                    "unit": "px",
                    "top": "80",
                    "right": 0,
                    "bottom": "0",
                    "left": 0,
                    "isLinked": false
                }
            },
            "elements": [
                {
                    "id": "66f353aa",
                    "settings": {
                        "_column_size": 100,
                        "content_position": "top",
                        "background_background": "classic",
                        "background_color": "#d2b29b",
                        "background_image": {
                            "url": "https:\/\/wp.envatoextensions.com\/kit-84\/wp-content\/uploads\/sites\/99\/2018\/11\/photo-1539014985496-4e160fa70298.jpeg",
                            "id": 393
                        },
                        "background_position": "bottom center",
                        "background_attachment": "fixed",
                        "background_repeat": "no-repeat",
                        "background_size": "cover",
                        "background_overlay_background": "gradient",
                        "background_overlay_color": "#d2b29b",
                        "background_overlay_color_stop": {
                            "unit": "%",
                            "size": 23
                        },
                        "background_overlay_color_b": "#d3dfe2",
                        "background_overlay_gradient_angle": {
                            "unit": "deg",
                            "size": 130
                        },
                        "background_overlay_opacity": {
                            "unit": "px",
                            "size": 0.94999999999999996
                        },
                        "padding": {
                            "unit": "em",
                            "top": "0",
                            "right": "0",
                            "bottom": "0",
                            "left": "0",
                            "isLinked": false
                        }
                    },
                    "elements": [
                        {
                            "id": "7211ef23",
                            "settings": {
                                "structure": "20",
                                "margin": {
                                    "unit": "px",
                                    "top": "0",
                                    "right": 0,
                                    "bottom": "0",
                                    "left": 0,
                                    "isLinked": true
                                }
                            },
                            "elements": [
                                {
                                    "id": "5f0ca1f7",
                                    "settings": {
                                        "_column_size": 50,
                                        "_inline_size": null,
                                        "padding": {
                                            "unit": "em",
                                            "top": "2",
                                            "right": "2",
                                            "bottom": "2",
                                            "left": "2",
                                            "isLinked": true
                                        },
                                        "padding_mobile": {
                                            "unit": "em",
                                            "top": "0",
                                            "right": "0",
                                            "bottom": "3",
                                            "left": "0",
                                            "isLinked": false
                                        }
                                    },
                                    "elements": [
                                        {
                                            "id": "2c5c3232",
                                            "settings": {
                                                "title": "Kindle e-book",
                                                "align": "center",
                                                "title_color": "#ffffff",
                                                "typography_typography": "custom",
                                                "typography_font_family": "Karla",
                                                "typography_font_size": {
                                                    "unit": "px",
                                                    "size": 15
                                                },
                                                "typography_font_weight": "600",
                                                "typography_text_transform": "uppercase",
                                                "typography_line_height": {
                                                    "unit": "em",
                                                    "size": 1.3999999999999999
                                                },
                                                "typography_letter_spacing": {
                                                    "unit": "px",
                                                    "size": 1
                                                },
                                                "_padding": {
                                                    "unit": "px",
                                                    "top": "0",
                                                    "right": "0",
                                                    "bottom": "06",
                                                    "left": "0",
                                                    "isLinked": false
                                                },
                                                "header_size": "h3",
                                                "_margin": {
                                                    "unit": "px",
                                                    "top": "0",
                                                    "right": "0",
                                                    "bottom": "0",
                                                    "left": "0",
                                                    "isLinked": false
                                                },
                                                "_padding_mobile": {
                                                    "unit": "px",
                                                    "top": "30",
                                                    "right": "0",
                                                    "bottom": "0",
                                                    "left": "0",
                                                    "isLinked": false
                                                }
                                            },
                                            "elements": [],
                                            "isInner": false,
                                            "widgetType": "heading",
                                            "elType": "widget"
                                        },
                                        {
                                            "id": "51cdb0ef",
                                            "settings": {
                                                "title": "Sale",
                                                "title_color": "#ffffff",
                                                "typography_typography": "custom",
                                                "typography_font_family": "Qwigley",
                                                "typography_font_size": {
                                                    "unit": "px",
                                                    "size": 160
                                                },
                                                "typography_font_weight": "400",
                                                "typography_line_height": {
                                                    "unit": "em",
                                                    "size": 0.40000000000000002
                                                },
                                                "typography_letter_spacing": {
                                                    "unit": "px",
                                                    "size": 0
                                                },
                                                "_margin": {
                                                    "unit": "px",
                                                    "top": "0",
                                                    "right": "0",
                                                    "bottom": "0",
                                                    "left": "0",
                                                    "isLinked": false
                                                },
                                                "align": "center",
                                                "typography_font_size_mobile": {
                                                    "unit": "px",
                                                    "size": 106
                                                }
                                            },
                                            "elements": [],
                                            "isInner": false,
                                            "widgetType": "heading",
                                            "elType": "widget"
                                        },
                                        {
                                            "id": "6ca00697",
                                            "settings": {
                                                "heading": "",
                                                "sub_heading": "",
                                                "currency_symbol": "custom",
                                                "currency_symbol_custom": "off",
                                                "price": "40.%",
                                                "original_price": "",
                                                "period": "",
                                                "features_list": [
                                                    {
                                                        "item_text": "Kindle e-Books by Sam Booker",
                                                        "item_icon": "",
                                                        "_id": "875ea9c",
                                                        "item_icon_color": ""
                                                    }
                                                ],
                                                "button_text": "",
                                                "footer_additional_info": "",
                                                "show_ribbon": "",
                                                "ribbon_title": "Popular",
                                                "header_bg_color": "rgba(0,0,0,0)",
                                                "price_color": "#ffffff",
                                                "price_typography_typography": "custom",
                                                "price_typography_font_family": "Prata",
                                                "price_typography_font_size": {
                                                    "unit": "rem",
                                                    "size": 6.0999999999999996
                                                },
                                                "price_typography_font_weight": "bold",
                                                "currency_position": "after",
                                                "currency_vertical_position": "middle",
                                                "features_list_padding": {
                                                    "unit": "px",
                                                    "top": "0",
                                                    "right": "0",
                                                    "bottom": "0",
                                                    "left": "0",
                                                    "isLinked": true
                                                },
                                                "features_list_color": "#ffffff",
                                                "features_list_typography_typography": "custom",
                                                "divider_gap": {
                                                    "unit": "px",
                                                    "size": 1
                                                },
                                                "button_text_color": "#000000",
                                                "button_typography_typography": "custom",
                                                "button_typography_font_family": "Karla",
                                                "button_typography_font_size": {
                                                    "unit": "px",
                                                    "size": 13
                                                },
                                                "button_typography_font_weight": "700",
                                                "button_typography_text_transform": "uppercase",
                                                "button_typography_line_height": {
                                                    "unit": "px",
                                                    "size": 24
                                                },
                                                "button_typography_letter_spacing": {
                                                    "unit": "px",
                                                    "size": 1.6000000000000001
                                                },
                                                "button_background_color": "#ffffff",
                                                "button_border_radius": {
                                                    "unit": "px",
                                                    "top": "0",
                                                    "right": "0",
                                                    "bottom": "0",
                                                    "left": "0",
                                                    "isLinked": true
                                                },
                                                "_margin": {
                                                    "unit": "px",
                                                    "top": "-19",
                                                    "right": "0",
                                                    "bottom": "0",
                                                    "left": "0",
                                                    "isLinked": false
                                                },
                                                "_background_background": "classic",
                                                "_background_color": "rgba(0,0,0,0)"
                                            },
                                            "elements": [],
                                            "isInner": false,
                                            "widgetType": "price-table",
                                            "elType": "widget"
                                        }
                                    ],
                                    "isInner": true,
                                    "elType": "column"
                                },
                                {
                                    "id": "461b0f48",
                                    "settings": {
                                        "_column_size": 50,
                                        "_inline_size": null,
                                        "padding": {
                                            "unit": "em",
                                            "top": "2",
                                            "right": "2",
                                            "bottom": "2",
                                            "left": "2",
                                            "isLinked": true
                                        }
                                    },
                                    "elements": [
                                        {
                                            "id": "7e990cf1",
                                            "settings": {
                                                "image": {
                                                    "url": "https:\/\/wp.envatoextensions.com\/kit-84\/wp-content\/uploads\/sites\/99\/2018\/11\/book22301.png",
                                                    "id": 473
                                                },
                                                "image_size": "medium_large",
                                                "image_custom_dimension": {
                                                    "width": "300",
                                                    "height": "300"
                                                },
                                                "align": "center",
                                                "width": {
                                                    "unit": "%",
                                                    "size": 98
                                                },
                                                "_margin": {
                                                    "unit": "px",
                                                    "top": "-102",
                                                    "right": "0",
                                                    "bottom": "0",
                                                    "left": "0",
                                                    "isLinked": false
                                                }
                                            },
                                            "elements": [],
                                            "isInner": false,
                                            "widgetType": "image",
                                            "elType": "widget"
                                        },
                                        {
                                            "id": "6d491f46",
                                            "settings": {
                                                "text": "Shop Now",
                                                "link": {
                                                    "url": "#envato-kit-84-qa-form",
                                                    "is_external": "",
                                                    "nofollow": ""
                                                },
                                                "align": "justify",
                                                "size": "md",
                                                "typography_typography": "custom",
                                                "typography_font_family": "Karla",
                                                "typography_font_size": {
                                                    "unit": "px",
                                                    "size": 13
                                                },
                                                "typography_font_weight": "700",
                                                "typography_text_transform": "uppercase",
                                                "typography_line_height": {
                                                    "unit": "px",
                                                    "size": 24
                                                },
                                                "typography_letter_spacing": {
                                                    "unit": "px",
                                                    "size": 1.6000000000000001
                                                },
                                                "button_text_color": "#ffffff",
                                                "background_color": "rgba(0,0,0,0.88)",
                                                "border_radius": {
                                                    "unit": "px",
                                                    "top": "0",
                                                    "right": "0",
                                                    "bottom": "0",
                                                    "left": "0",
                                                    "isLinked": true
                                                },
                                                "text_padding": {
                                                    "unit": "px",
                                                    "top": "15",
                                                    "right": "45",
                                                    "bottom": "15",
                                                    "left": "45",
                                                    "isLinked": false
                                                },
                                                "align_mobile": "justify",
                                                "_padding": {
                                                    "unit": "px",
                                                    "top": "0",
                                                    "right": "0",
                                                    "bottom": "0",
                                                    "left": "0",
                                                    "isLinked": false
                                                },
                                                "_margin": {
                                                    "unit": "%",
                                                    "top": "-28",
                                                    "right": "0",
                                                    "bottom": "0",
                                                    "left": "0",
                                                    "isLinked": false
                                                }
                                            },
                                            "elements": [],
                                            "isInner": false,
                                            "widgetType": "button",
                                            "elType": "widget"
                                        }
                                    ],
                                    "isInner": true,
                                    "elType": "column"
                                }
                            ],
                            "isInner": true,
                            "elType": "section"
                        }
                    ],
                    "isInner": false,
                    "elType": "column"
                }
            ],
            "isInner": false,
            "elType": "section"
        }
    ],
    "page_settings": {
        "width": {
            "unit": "px",
            "size": 599
        },
        "background_background": "classic",
        "background_color": "rgba(0,0,0,0)",
        "box_shadow_box_shadow_type": "",
        "close_button_vertical": {
            "unit": "%",
            "size": 16.300000000000001
        },
        "close_button_vertical_mobile": {
            "unit": "%",
            "size": 12.800000000000001
        },
        "close_button_horizontal": {
            "unit": "%",
            "size": 98
        },
        "close_button_horizontal_mobile": {
            "unit": "%",
            "size": 1.1000000000000001
        },
        "close_button_color": "#ffffff",
        "icon_size": {
            "unit": "px",
            "size": 25
        }
    }
}